"Type","Redox","Type.S3","Site","Depth.cm","Distance..m","pH","Eh.mV","EC.mScm","AVS.umolg","TotalS.oes.umolg","Porewater.FeII.mgL","Porewater.total.Fe.II.mgL","Porewater.FeIII.mgL","Pore.water.sulfate.mgL","As.ms","As.oes","Ba.ms","Cd.ms","Co.ms","Co.oes","Cr.ms","Cr.oes","Cu.ms","Cu.oes","Fe.ms","Fe.oes","Mn.ms","Mn.oes","Mo.ms","Ni.oes","P.oes","Pb.ms","Pb.oes","Rb.ms","S.oes","Sr.ms","Th.ms","Ti.ms","U.ms","V.ms","Zn.ms","Zn.oes","REE.ms","As","Ba","Cd","Co","Cr","Cu","Fe","Mn","Mo","Ni","P","Pb","Rb","S","Sr","Th","Ti","U","V","Zn","REE","As.log","Ba.log","Cd.log","Co.log","Cr.log","Cu.log","Fe.log","Mn.log","Ni.log","P.log","Pb.log","S.log","Sr.log","Th.log","Ti.log","U.log","V.log","Zn.log","REE.log"
"Sediment","Reduced","Sediment","S 1",2.5,2,5.65,-92,NA,NA,399.76,1.22,1.91,0.68,7904.08,5.24,7.764225119,26.26,0.08,6.51,3.869614117,28.44,18.26087542,10,6.499796316,80659.49,67293.76108,68.56,47.25916075,15.58,9.349455346,130.8962365,15.98,15.70197393,12.4,12820.45694,205.78,16.66,307.81,12.84,66.58,11.43,6.268785711,674.08,-1.752068661,-0.533548452,-6.327323966,-1.928255865,-0.453798716,-1.499010228,7.315227487,0.426113953,-1.055607281,-1.566277232,1.0728096,-1.030257381,-1.283898849,5.657202051,1.525212316,-0.988584685,1.927887388,-1.249030023,0.396808911,-1.365353844,2.711753477,0.890098119,1.419294722,-1.096910013,0.813580989,1.453929592,1,4.827974802,1.836070809,0.970786312,2.11692716,1.203576775,4.107903504,2.313403163,1.221674997,2.488282725,1.108565024,1.823343791,1.05804623,2.828711442
"Sediment","Reduced","Sediment","S 1",7.5,2,6.01,-7,12.2,87.14,532.48,1.6,2,0.4,6689.8,7.93,8.75836291,38.19,0.12,9.45,7.079880798,40.77,29.49922388,13.24,11.09828646,85941.41,80589.57948,68.5,51.54603028,17.07,15.50427547,218.8239524,23.3,24.71961688,18.4,17076.69496,279.21,27.42,350.45,13.05,98.25,10.5,5.260781974,681.78,-1.89481489,-0.422250194,-6.185087431,-1.818809153,-0.356877378,-1.481581344,7.232300738,0.16200985,-1.227501358,-1.323708072,1.323443641,-0.916370534,-1.15247323,5.68064605,1.567140292,-0.753551221,1.794394148,-1.496035761,0.522691356,-1.713448638,2.45988313,0.942422937,1.581949658,-0.920818754,0.975431809,1.610340711,1.121887985,4.90627889,1.835690571,1.190451476,2.340094858,1.367355921,4.232403821,2.445930969,1.43806745,2.544626064,1.115610512,1.992332559,1.021189299,2.833644257
"Sediment","Reduced","Sediment","S 1",12.5,2,5.74,100,14.92,94.85,469.38,42.91,44.13,1.22,6213.73,7.64,7.812470487,40.47,0.11,13.9,10.40452392,45,30.34492221,14.94,11.15655984,67387.61,55736.6468,67.54,48.52678259,18.46,16.56969232,231.2520875,28.64,28.2861994,20.61,15053.17531,265.11,27.11,394.34,14.44,108.07,10.16,4.839073407,743.95,-2.046174161,-0.401334439,-6.309170311,-1.470006558,-0.295232908,-1.397853218,6.826497743,0.110824617,-1.186289169,-1.294320135,1.341613005,-0.747091056,-1.076119003,5.517448834,1.478249436,-0.801992735,1.875318083,-1.431893265,0.580883767,-1.783436956,2.51007843,0.89278839,1.607133204,-0.958607315,1.1430148,1.653212514,1.174350597,4.746140837,1.829561056,1.219314444,2.364085662,1.456973014,4.177628119,2.42342611,1.433129518,2.595870832,1.159567193,2.033705151,1.006893708,2.871543748
"Sediment","Reduced","Sediment","S 1",17.5,2,5.5,-42,NA,55.46,254.29,152.26,200.77,48.51,5243.14,4.9,4.736753232,22.93,0.07,8.14,5.595851259,25.12,19.90141044,7.7,6.662421078,38822.88,34185.64669,48.48,39.67516853,10.11,9.960074879,117.1568783,17.11,18.0248432,12.65,8155.025826,110.13,16.86,406.4,7.97,63.55,5.32,2.410248491,434.94,-2.015047835,-0.437953667,-6.2296598,-1.473609583,-0.346735422,-1.529179435,6.869161384,0.310751578,-1.25687473,-1.271815174,1.193114113,-0.730736676,-1.032742548,5.435989918,1.131261723,-0.745455811,2.436938133,-1.494715271,0.581427234,-1.89892646,2.504808327,0.67548076,1.360404055,-1.15490196,0.910624405,1.400019635,0.886490725,4.5338438,1.685562611,0.998262603,2.068767791,1.23325001,3.911425341,2.041905639,1.22685757,2.608953699,0.901458321,1.803115555,0.725911632,2.63842935
"Sediment","Reduced","Sediment","S 1",22.5,2,5.44,120,18.42,31.47,160.34,140.36,196.76,56.39,6105.88,2.08,0.648699666,11.46,0.03,4.68,3.417048162,13.19,11.46659357,3.41,3.526505925,21200.24,19309.56167,29.32,27.65060219,5.23,5.776249705,78.30184296,7.29,7.157283755,6.8,5141.997915,48.31,8.52,251.79,4.23,32.58,2.47,1.008677628,214.03,-3.292683517,-0.421035372,-6.366455981,-1.316599974,-0.280439117,-1.633185792,7.008457592,0.518371793,-1.205486806,-1.106143452,1.500673056,-0.873394538,-0.942975471,5.685298899,1.017740495,-0.717481743,2.668697323,-1.417696091,0.62380052,-1.955679933,2.506218108,-0.187956326,1.059184618,-1.522878745,0.670245853,1.120244796,0.532754379,4.285772415,1.467163966,0.761645959,1.893771984,0.862727528,3.711131896,1.684037037,0.930439595,2.401038478,0.626340367,1.51295108,0.392696953,2.330474651
"Sediment","Reduced","Sediment","S 1",27.5,2,5.15,NA,NA,52.21,299.87,NA,NA,NA,NA,4.96,1.982432355,25.49,0.06,6.61,4.087466136,25.73,19.98588054,8.88,6.611697196,39191.47,33817.37123,62.4,46.70916229,12.42,10.87987567,155.9289922,15.4,15.56942712,13.29,9616.689439,122.36,17.04,328.81,8.67,62.64,7.96,3.910980916,333.79,-2.889962181,-0.336000516,-6.387697451,-1.68570308,-0.326629108,-1.390485177,6.854443157,0.559278541,-1.054978658,-1.18737192,1.475113991,-0.839919225,-0.987274862,5.596968617,1.232680785,-0.738723213,2.221193342,-1.414417943,0.563117317,-1.499857734,2.236225318,0.297198377,1.406369835,-1.22184875,0.820201459,1.410439786,0.948412966,4.529139845,1.79518459,1.036623932,2.192926872,1.187520721,3.983025591,2.087639468,1.23146959,2.516945017,0.938019097,1.796851749,0.900913068,2.523473322
"Sediment","Reduced","Sediment","S 2",2.5,58,7.58,-60,30.5,26.95,104.53,1.28,2.03,0.75,8689.8,2.38,0.47378009,5.18,0.03,1.8,0.646955451,7.7,6.95938118,1.56,1.614495938,10325.94,7872.561811,32.3,22.26776269,4.94,2.459689693,24.51154148,2.93,2.919218433,3.31,3352.14701,25.2,4.68,149.18,0.83,29.26,1.53,1.421847942,61.54,-2.961637163,-0.569820096,-5.72118305,-1.626838488,-0.173404824,-1.769939331,6.756513652,1.260442078,-0.617259821,-1.314589952,0.984518935,-1.13962273,-1.017676963,5.902731165,1.012218842,-0.671327043,2.790528478,-2.400954731,1.161596243,-1.789357417,1.905062217,-0.324423194,0.71432976,-1.522878745,0.255272505,0.886490725,0.193124598,3.896116079,1.509202522,0.390880321,1.389370624,0.46686762,3.525323057,1.401400541,0.670245853,2.173710603,-0.080921908,1.466274322,0.184691431,1.789157492
"Sediment","Reduced","Sediment","S 2",7.5,58,7.65,-71,NA,40.16,216.53,1.39,2.2,0.81,7822.45,5.03,2.475225058,12.16,0.02,4.23,1.831896925,15,8.440682146,4.09,2.725208171,19181.71,12224.14987,139.38,68.70128779,4.73,3.954178701,77.2678693,5.89,5.279036385,5.46,6944.201211,95.06,8.38,187.64,2.51,43.95,9.02,5.092235627,220.52,-2.103460248,-0.511639696,-6.921814578,-1.567589579,-0.301741371,-1.601246602,6.401377199,1.927412444,-1.45586637,-1.635018654,1.337486634,-1.236535575,-1.312342783,5.83587066,1.544716699,-0.883943658,2.224733661,-2.089508819,0.773261052,-0.810347238,2.386196821,0.393614693,1.084933575,-1.698970004,0.626340367,1.176091259,0.611723308,4.087218666,2.14420046,0.597056292,1.887998937,0.770115295,3.841622296,1.97799781,0.923244019,2.273325424,0.399673721,1.642958879,0.955206538,2.343447984
"Sediment","Reduced","Sediment","S 2",12.5,58,7.62,-80,52.6,101.83,837.83,1.51,2.4,0.89,7914.29,4.02,2.664734409,14.26,0.13,9.41,6.719875566,19,12.98157088,7.83,5.513267377,37996.34,29468.33242,158.89,128.6206129,10.85,7.605038634,244.9576385,9.01,9.705135794,7.85,26869.11531,243.47,10.18,274.34,5.71,48.61,22.03,15.19673678,666.58,-2.697173863,-1.019819841,-5.717499085,-1.435505303,-0.732839277,-1.619315746,6.613793232,1.390933883,-1.293113176,-1.64846725,1.823807035,-1.478943185,-1.616764724,6.52145452,1.817715475,-1.356853245,1.937089957,-1.935059233,0.206551015,-0.584873095,2.824881906,0.42565393,1.154119526,-0.886056648,0.973589623,1.278753601,0.893761762,4.46935556,2.201096565,0.881101425,2.389090987,0.954724791,4.429253367,2.386445456,1.007747778,2.438289134,0.756636108,1.686725621,1.343014497,2.823852279
"Sediment","Reduced","Sediment","S 2",17.5,58,7.75,-101,NA,277.8,1076.47,1.59,2.89,1.3,6363.27,4.03,4.433221541,13.28,0.26,23.49,15.90100062,15.59,10.15930537,8.78,5.412561815,61169.9,47385.79367,706.95,543.3097583,11.21,13.02416309,639.3091882,8.3,8.916764509,6.95,34522.43848,214.16,9.02,208.66,9.06,41.31,23.16,16.73084171,1213.22,-2.470621129,-1.373488515,-5.306821307,-0.80317286,-1.213117976,-1.787271251,6.806330092,2.601212283,-1.542941422,-1.392941327,2.500640541,-1.843492144,-2.021005999,6.489617124,1.40697574,-1.760303325,1.380958474,-1.755878539,-0.238643057,-0.817321006,3.141285602,0.646719435,1.123198075,-0.585026652,1.370883017,1.192846115,0.943494516,4.675648159,2.849388699,1.114749826,2.805710946,0.919078092,4.538101464,2.330738358,0.955206538,2.319439203,0.957128198,1.616055195,1.364738555,3.083939561
"Sediment","Reduced","Sediment","S 2",22.5,58,7.49,-76,34.5,214.05,1985.36,1.47,2.6,1.13,7853.06,6.31,1.898448946,19.44,0.08,8.89,5.180175674,22.53,13.6771452,9.99,5.128365977,73537.26,53937.55698,249.47,179.5455879,13.3,7.913116983,236.6805149,10.88,10.9701351,10.13,63670.6333,500.37,12.16,410.93,11.84,48.03,12.75,7.73401067,896.49,-3.235394955,-0.909099365,-6.402160808,-1.691505114,-0.761584409,-1.574847571,7.01915014,1.642906504,-1.288668129,-1.807910404,1.59027903,-1.489505922,-1.560930846,7.185046556,2.338915661,-1.378280287,2.14199072,-1.404948534,-0.004606348,-1.330900892,2.922054975,0.278398922,1.288696261,-1.096910013,0.948901761,1.352761192,0.999565488,4.731891272,2.397018327,0.898347586,2.374162505,1.036628895,4.80393917,2.699291263,1.084933575,2.613767848,1.073351702,1.681512587,1.105510185,2.95254545
"Sediment","Reduced","Sediment","S 2",27.5,58,6.87,-90,36.3,122.85,2192.56,1.27,1.98,0.71,8526.53,5.97,4.671025267,19.95,0.07,8.74,5.636029076,23.35,16.76045552,8.67,5.751770541,49248.06,40689.75349,45.02,35.47669876,10.21,8.819900015,149.3029116,11.62,12.27085916,10.5,70315.25769,461.23,12.36,443.12,7.15,51.57,8.03,5.553461272,461.15,-2.178379876,-0.726529324,-6.379018504,-1.551848278,-0.569161483,-1.559889677,6.893973115,0.087348368,-1.396390835,-1.542747934,1.286218739,-1.267030716,-1.36838321,7.440985624,2.414138367,-1.205293015,2.374082146,-1.752646111,0.223181641,-1.636573939,2.413964902,0.669412217,1.2999429,-1.15490196,0.941511433,1.368286885,0.938019097,4.609485059,1.653405491,0.945463662,2.174068277,1.065206128,4.847049573,2.663917548,1.092018471,2.646521352,0.854306042,1.712397131,0.904715545,2.663842213
"Sediment","Oxidised","Sediment.ox","S 3",2.5,82,6.53,29,75.9,136.25,947.59,NA,NA,NA,NA,4.8,5.926649955,11.89,0.13,13.26,9.002461295,13.73,9.786206544,6.24,4.793751051,37506.67,29601.31123,113.3,88.90265522,8.47,10.08761327,258.8263367,6.95,9.290751529,6.26,30389.2026,242.63,6.78,199.36,9.19,30.45,18.27,13.13147525,920.55,-1.860525911,-1.164287322,-5.680205861,-1.055233048,-1.020401813,-1.80900485,6.655588905,1.090054135,-1.503454524,-1.32867677,1.916172289,-1.701243373,-1.805804848,6.681857614,1.851552617,-1.726007931,1.655127203,-1.421869096,-0.223899039,-0.734724662,3.184986285,0.772809277,1.075181855,-0.886056648,1.122543524,1.137670537,0.79518459,4.471310949,2.05422991,1.003788424,2.413008466,0.841984805,4.482719305,2.384944498,0.831229694,2.299638025,0.963315511,1.483587297,1.261738547,2.964047382
"Sediment","Oxidised","Sediment.ox","S 3",7.5,82,6.07,142,NA,7.59,201.58,1.09,1.74,0.65,10771.43,4.49,3.124480786,28.05,0.11,12.93,7.045681318,31.54,19.01922437,10.75,7.531424964,28308.03,18695.38206,61.07,36.73587549,12.32,9.70326717,159.021467,23.34,19.97940453,14.09,6464.654505,106.15,19.03,525.46,9.13,84.17,9.64,4.994715587,343.71,-2.558230886,-0.363510375,-5.90477392,-1.137948814,-0.246242425,-1.322593252,6.138532817,0.414521741,-1.186275049,-1.425036356,1.371540199,-0.54733038,-1.052033681,5.076605842,0.967354182,-0.751482325,2.566775063,-1.485933312,0.735339557,-1.431577898,2.142299272,0.494777858,1.447932866,-0.958607315,1.111598525,1.498861689,1.031408464,4.271734345,1.78582792,0.986917989,2.201455756,1.368100852,3.81054532,2.025919999,1.279438788,2.720539661,0.960470778,1.925157327,0.984077034,2.536192168
"Sediment","Oxidised","Sediment.ox","S 3",12.5,82,5.84,193,NA,0.44,236.19,NA,NA,NA,NA,6.8,6.187050231,14.33,0.03,2.67,1.651824028,32.11,26.16842212,5.99,3.763915397,41450.24,35562.51406,63.29,53.67676118,12.29,7.725187936,27.14126917,19.48,20.74702127,21.13,7574.56823,19.07,18.91,539.13,1.39,100.02,3.44,1.489255124,34.82,-1.346657303,-0.506760496,-6.675673635,-2.187037266,0.30005177,-1.379024326,7.309931648,0.978611601,-0.660329814,-1.124629587,0.131939679,-0.19972744,-0.118421906,5.763435891,-0.220999318,-0.229424855,3.120840991,-2.839811991,1.436254428,-1.933644267,0.381076196,0.791483642,1.15624619,-1.522878745,0.426511261,1.506640306,0.777426822,4.550992455,1.801335096,0.887909054,1.433630152,1.289588953,3.879357882,1.280350693,1.276691529,2.731693499,0.1430148,2.00008685,0.536558443,1.541828767
"Sediment","Oxidised","Sediment.ox","S 3",17.5,82,3.98,303,15.01,NA,335.7,NA,NA,NA,NA,6.92,7.287288336,15.4,0.03,3.13,2.190531439,39.02,28.11579975,7.39,4.962147674,57087.53,46026.16908,62.86,50.6074654,9.38,7.344191137,25.57466916,28.26,26.69858814,22.42,10765.89107,18.25,19.55,424.34,1.33,126.34,3.63,1.307949699,22.14,-1.230303351,-0.482067348,-6.722992755,-2.075401853,0.447639477,-1.216307123,7.520530549,0.924475173,-0.977855095,-1.222525179,0.025167518,0.125012519,-0.10648144,6.067703323,-0.312269778,-0.243459571,2.834100163,-2.931255916,1.622541828,-1.92720221,-0.119048931,0.862565954,1.187520721,-1.522878745,0.495544338,1.591287265,0.868644438,4.663004829,1.798374377,0.865943971,1.407810024,1.451172158,4.032049981,1.261262869,1.291146762,2.627713972,0.123851641,2.101540873,0.559906625,1.345177617
"Sediment","Oxidised","Sediment.ox","S 3",22.5,82,4.1,295,NA,0.81,406.19,NA,NA,NA,NA,7.5,6.860101598,15.63,0.01,3.31,2.493713095,42.76,31.12219028,8.64,5.794375127,68633.84,56911.05643,77.7,59.47994593,9.42,7.872652524,25.3087692,24.56,24.36985898,23.4,13026.44382,18.22,22.84,445.21,1.39,158.2,4.14,1.100383744,19.94,-1.302036694,-0.478566802,-7.832929132,-2.030810757,0.52784414,-1.071356363,7.721485968,1.125096311,-0.984923858,-1.164363898,0.003391998,-0.026639843,-0.075022924,6.246977764,-0.325239054,-0.099245561,2.870787135,-2.898455199,1.836101109,-1.807063158,-0.235031182,0.836330548,1.193958978,-2,0.519827994,1.631037697,0.936513742,4.755196647,1.890421019,0.896121083,1.403271025,1.390228362,4.114825871,1.260548373,1.3586961,2.648564911,0.1430148,2.199206479,0.617000341,1.299725154
"Sediment","Oxidised","Sediment.ox","S 3",27.5,82,5.46,173,NA,0.38,535.61,NA,NA,NA,NA,7.23,5.628053334,15.09,0.02,8.02,5.215170167,41.85,28.207872,21.35,15.07825448,61207.24,47051.00162,134.84,101.2489132,9.49,8.539386754,29.78712571,20.42,19.32161689,24.98,17176.85295,41.23,24.75,476.53,2.1,133.7,4.78,1.95055332,55.69,-1.75610033,-0.769831673,-7.395886951,-1.401925524,0.250227851,-0.422812206,7.275123488,1.420224945,-1.233625333,-1.339174749,-0.089787668,-0.467349133,-0.265788441,6.267454052,0.235302201,-0.275038456,2.682666735,-2.741926601,1.411734539,-1.919423399,0.535936652,0.750358204,1.17868924,-1.698970004,0.904174368,1.621695462,1.329397879,4.672568873,2.129818744,0.931426683,1.474028598,1.310055738,4.234943598,1.615213335,1.393575203,2.678090247,0.322219295,2.126131407,0.679427897,1.745777218
"Sediment","Reduced","Sediment","S 4",2.5,204,7.34,-59,61.8,257.81,1007.74,1.35,2.23,0.88,13026.53,3.95,3.256745925,9.58,0.22,19.84,13.62717624,11.72,7.82599711,6.9,5.181842519,32609.25,25386.53673,153.77,113.7050332,11.72,10.86791545,465.1138887,5.95,6.11126718,5.84,32318.35079,204.6,5.67,141.66,6.41,27.38,17.33,12.79973678,862.62,-2.447599898,-1.368650821,-5.142456145,-0.640628311,-1.167031628,-1.696807001,6.51364585,1.407129567,-1.167031628,-1.242513501,2.513953885,-1.844937193,-1.863597616,6.755062071,1.692728441,-1.893139295,1.325101408,-1.770469142,-0.318515593,-0.775889309,3.131645857,0.512783878,0.981365509,-0.657577319,1.297541668,1.068927612,0.838849091,4.404603458,2.186871614,1.036146251,2.667559308,0.774516966,4.509449191,2.310905629,0.753583059,2.151247237,0.80685803,1.437433444,1.238798563,2.935819523
"Sediment","Reduced","Sediment","S 4",7.5,204,7.14,-30,69.1,218.01,1268.13,1.47,2.34,0.88,14148.98,6.47,4.13974206,12.2,0.26,23.54,15.61707415,14.5,8.920829096,8.26,5.67645299,48352.06,34808.06957,309.62,219.3199391,21.11,12.56555143,541.6012241,8.85,7.118512082,7.4,40668.82909,188.81,7.96,158.6,9.4,32.71,13.73,9.347736452,1075.59,-2.440924845,-1.360122375,-5.208631975,-0.702857225,-1.187409677,-1.750133739,6.596046196,1.873787413,-0.811811465,-1.33059927,2.432971655,-1.681140868,-1.860078326,6.751658881,1.379182892,-1.787129327,1.204826983,-1.620848637,-0.373877485,-1.241975107,3.119066301,0.616973282,1.086359831,-0.585026652,1.371806459,1.161368002,0.916980047,4.541679938,2.490829006,1.099181552,2.733679637,0.946943271,4.609261669,2.276024992,0.900913068,2.200303183,0.973127854,1.514680544,1.137670537,3.031646756
"Sediment","Reduced","Sediment","S 4",12.5,204,7.35,-51,55,101.44,1752.62,1.67,2.65,0.98,12271.43,7.22,8.975654622,27.26,0.29,27.9,18.0252078,20,11.97658267,13.45,8.859559921,69012.03,51309.18744,397.98,277.5331529,15.2,14.3067087,842.8495248,9.88,11.05130451,9.11,56206.6693,228.61,8.44,218.71,12.03,45.58,23.25,16.5190497,1302.91,-1.955541029,-0.844636472,-5.387931255,-0.82143021,-1.154324625,-1.551077793,6.695568209,1.836344854,-1.428761471,-1.489328332,2.586731544,-1.859544387,-1.940684187,6.786733801,1.281960596,-2.01707459,1.237689753,-1.662653369,-0.330587875,-1.003751767,3.022298605,0.953066133,1.435525851,-0.537602002,1.445604203,1.301029996,1.128722284,4.710195137,2.599861248,1.155539735,2.925750046,0.994756945,4.749787851,2.359095224,0.926342447,2.339868641,1.080265627,1.658774321,1.366422957,3.114914417
"Sediment","Reduced","Sediment","S 4",17.5,204,7.39,11,NA,71.16,1375.29,1.67,3.05,1.38,7893.88,7.25,8.339924989,49.21,0.42,39.7,26.08360918,27.13,16.20511639,18.13,12.78387503,57153.45,40631.73221,213.1,146.8578874,15.38,18.12087517,1570.13287,13.67,15.19835118,12.63,44105.70354,320.2,12.7,251.97,18.25,61.67,33.06,21.35349591,1819.31,-2.246007885,-0.470965252,-5.234562675,-0.685710919,-1.06642198,-1.469494082,6.245242515,0.994699432,-1.633994143,-1.469997509,2.991853418,-1.751858456,-1.830987171,6.327282278,1.401883694,-1.825460113,1.162247926,-1.462897027,-0.245264518,-0.868738014,3.13915048,0.921162145,1.692053365,-0.37675071,1.598790507,1.433449794,1.258397804,4.608865338,2.32858345,1.258179169,3.195936405,1.135768515,4.644494754,2.505421328,1.103803721,2.401348836,1.261262869,1.790073948,1.519302849,3.259906707
"Sediment","Reduced","Sediment","S 4",22.5,204,7.12,145,NA,12.26,1281.62,NA,NA,NA,NA,7.72,8.102471666,53.81,0.43,30.29,19.65850733,28.71,17.94531802,19.48,13.04111286,55809.64,40700.5011,240.15,167.4864573,17.27,15.58889269,1101.735818,16.83,16.5522892,14.5,41101.44599,331.31,15.26,277.06,18.05,74.51,27.43,16.34139893,1643.22,-2.282131041,-0.388840877,-5.218270271,-0.963482575,-1.017054706,-1.404911902,6.239695483,1.106963528,-1.525329308,-1.627741547,2.630342031,-1.551137192,-1.700151551,6.249498382,1.428754292,-1.649065175,1.249933889,-1.481154516,-0.063366856,-1.062662896,3.03011281,0.908617521,1.730862992,-0.366531544,1.481299273,1.458033192,1.289588953,4.609599756,2.380482591,1.192815267,3.042077469,1.226084116,4.613857101,2.520234544,1.183554534,2.44257383,1.256477206,1.872214563,1.438225808,3.215695712
"Sediment","Reduced","Sediment","S 4",27.5,204,NA,187,35,1.55,2208.53,NA,NA,NA,NA,15.7,17.2813513,22.95,0.53,24.51,17.25953363,21.49,12.43247925,15.75,9.452117516,107721.56,87108.69132,234.99,159.2951451,24.11,14.38667146,955.5781983,22.83,21.40479774,10.58,70827.44612,367,11.26,212.38,19.94,107.83,31.37,19.55121134,1483.06,-1.563625093,-1.279935117,-5.048131326,-1.214171856,-1.345665343,-1.656412688,6.96165889,1.046289907,-1.230626361,-1.746950868,2.449063547,-1.285177593,-2.054287627,6.754748808,1.492108795,-1.991996431,0.94512407,-1.420525289,0.26730286,-0.967401031,2.888609746,1.237577699,1.36078269,-0.27572413,1.389343311,1.332236415,1.197280558,4.940061489,2.371049381,1.157960326,2.980266233,1.358505911,4.850201582,2.564666064,1.051538391,2.327113616,1.299725154,2.032739605,1.496514519,3.171158722
"Sediment","Reduced","Sediment","S 5",2.5,287,7.47,-101,38.5,54.63,NA,1.93,3.21,1.28,NA,3.34,NA,10.37,0.28,12.95,NA,14.9,NA,8.96,NA,17842.42,NA,75.66,NA,11.34,NA,NA,6.11,NA,6.86,NA,663.16,5.18,297.7,3.11,29.98,17.55,NA,440.08,NA,-0.557112354,-4.168995052,-0.334933588,-0.194668163,-0.703259149,NA,1.430220243,-0.467693078,NA,NA,-1.086102603,-0.970321934,NA,3.600986912,-1.25122432,2.800056892,-1.76140665,0.504501117,-0.030975426,3.190927153,NA,1.015778756,-0.552841969,1.112269768,1.173186268,0.95230801,NA,1.878866337,NA,NA,0.78604121,NA,2.821618323,0.71432976,2.473778835,0.492760389,1.476831629,1.244277121,2.643531632
"Sediment","Reduced","Sediment","S 5",7.5,287,7.31,-60,55.9,143.27,NA,1.52,2.91,1.39,NA,3.52,NA,10.9,0.35,15.49,NA,20.46,NA,8.56,NA,25336.34,NA,102.94,NA,12.62,NA,NA,7.15,NA,8.59,NA,167.54,6.73,217.08,3.58,40.25,22.99,NA,550.49,NA,-0.57100294,-4.009587854,-0.219571075,0.058706031,-0.812665539,NA,1.674380565,-0.424482872,NA,NA,-0.992653373,-0.809166993,NA,2.161456399,-1.053190586,2.42050022,-1.684402929,0.735344275,0.175293609,3.351043061,NA,1.037426498,-0.455931956,1.190051418,1.310905629,0.932473765,NA,2.012584164,NA,NA,0.854306042,NA,2.224118511,0.828015064,2.336619813,0.553883027,1.604765885,1.361538971,2.740749434
"Sediment","Reduced","Sediment","S 5",12.5,287,7.3,-92,NA,102.8,792.5,1.57,2.86,1.29,12761.22,3.58,6.423100907,12.3,0.29,21.49,14.13444528,14.26,10.11746753,7.46,6.590972228,29733.4,22928.16788,151.22,116.7860239,16.63,14.12616793,537.3592258,7.26,7.730217464,7.7,25415.43216,172.96,6.79,184.97,5.68,36.38,23.03,17.38134377,839.54,-1.917576511,-1.267878257,-5.015351875,-0.709889809,-1.120019104,-1.767922105,6.262643953,1.241258211,-0.966269226,-1.129448561,2.509189301,-1.795097691,-1.736257191,6.365634314,1.375582834,-1.862026578,1.44271613,-2.040526287,-0.183458346,-0.640679806,2.955376603,0.807744745,1.089905111,-0.537602002,1.332236415,1.154119526,0.872738827,4.360369353,2.179609234,1.150024365,2.73026471,0.860936621,4.405097499,2.237945677,0.831869774,2.267101297,0.754348336,1.560862695,1.362293938,2.924041393
"Sediment","Reduced","Sediment","S 5",17.5,287,7.38,-56,50.9,112.19,728.02,1.52,3.17,1.65,12730.61,3.44,2.06722347,11.96,0.36,15.1,9.93774861,19.17,12.84299585,9.23,7.439077765,24981.26,17910.60555,100.53,74.07959373,12.49,9.906592944,504.3490864,7.57,7.371213584,9.13,23347.71412,175.53,7.67,206.52,3.57,40.77,22.22,18.1377878,546.7,-2.927915863,-1.172554503,-4.675773499,-0.939427508,-0.700775694,-1.431663203,6.139026054,0.956333939,-1.129193927,-1.360921762,2.569146409,-1.629929184,-1.442556557,6.404132111,1.513687717,-1.616805636,1.676275009,-2.381556656,0.053824265,-0.553129467,2.649777955,0.315387427,1.07773118,-0.443697499,1.178976947,1.282622113,0.965201701,4.253110269,2.002295683,0.995924318,2.702731238,0.87909588,4.368244367,2.244351353,0.884795364,2.314962116,0.552668216,1.610340711,1.346744055,2.737749074
"Sediment","Reduced","Sediment","S 5",22.5,287,7.51,49,NA,157.51,1394.66,1.43,2.32,0.9,10557.14,5.35,2.684645629,21.47,0.2,20.91,14.58234206,17.62,15.27833998,9.38,7.161189055,51052.93,39976.37478,261.54,195.6875247,12.15,13.09137125,623.2026317,8.64,8.468315164,8.17,44726.90135,208,8.12,215.9,7.79,36.28,17.85,13.32929858,870.58,-2.88514416,-0.806036286,-5.48213081,-0.832465384,-1.003658277,-1.634113134,6.723351031,1.693894338,-1.375363728,-1.300739567,2.56217882,-1.716290315,-1.772223989,6.835637522,1.464845182,-1.778362743,1.50212244,-1.819852038,-0.281426272,-0.990689389,2.896466759,0.428886967,1.331832044,-0.698970004,1.320354033,1.246005904,0.972202838,4.601803408,2.417538119,1.116985139,2.794629279,0.936513742,4.650568812,2.318063335,0.909556029,2.334252642,0.891537458,1.559667278,1.25163822,2.939808686
"Dredge spoil","Oxidised","Dredge spoil","S 6",7,2,4.75,305,0.05,0.36,23.17,NA,NA,NA,NA,NA,NA,7.47,NA,0.7,NA,4.4,3.972976374,3.75,0.800487043,3911.97,3155.346215,64.05,30.43959612,1.58,4.563647493,20.11050327,2.22,2.53788103,1.45,743.2026332,7.35,3.46,1059.27,0.58,4.97,2.02,0.860110595,26.19,NA,NA,NA,NA,NA,NA,NA,NA,NA,NA,NA,NA,NA,NA,NA,NA,NA,NA,NA,NA,NA,NA,0.873320602,NA,-0.15490196,0.643452676,0.574031268,3.499047018,1.806519134,0.659312091,1.303422939,0.346352974,2.87110724,0.866287339,0.539076099,3.025006673,-0.236572006,0.696356389,0.305351369,1.418135498
"Dredge spoil","Oxidised","Dredge spoil","S 6",10,2,4.65,304,0.02,NA,NA,NA,NA,NA,NA,NA,NA,NA,NA,NA,NA,NA,NA,NA,NA,NA,NA,NA,NA,NA,NA,NA,NA,NA,NA,NA,NA,NA,NA,NA,NA,NA,NA,NA,NA,NA,NA,NA,NA,NA,NA,NA,NA,NA,NA,NA,NA,NA,NA,NA,NA,NA,NA,NA,NA,NA,NA,NA,NA,NA,NA,NA,NA,NA,NA,NA,NA,NA,NA,NA,NA,NA,NA,NA
"Dredge spoil","Oxidised","Dredge spoil","S 6",18,2,4.82,250,0.2,0.23,NA,NA,NA,NA,NA,NA,NA,1.89,NA,0.18,NA,1.57,NA,NA,NA,1314.04,NA,18.4,NA,0.58,NA,NA,0.92,NA,0.53,NA,0.37,1.6,327.18,0.25,NA,6.71,NA,11.13,NA,NA,NA,NA,NA,NA,NA,NA,NA,NA,NA,NA,NA,NA,NA,NA,NA,NA,NA,NA,NA,NA,0.276461804,NA,-0.744727495,0.195899652,NA,NA,1.264817823,NA,NA,-0.036212173,NA,-0.431798276,0.204119983,2.514786748,-0.602059991,NA,0.82672252,1.046495164
"Dredge spoil","Oxidised","Dredge spoil","S 6",20,2,4.65,305,0.03,NA,NA,NA,NA,NA,NA,NA,NA,NA,NA,NA,NA,NA,NA,NA,NA,NA,NA,NA,NA,NA,NA,NA,NA,NA,NA,NA,NA,NA,NA,NA,NA,NA,NA,NA,NA,NA,NA,NA,NA,NA,NA,NA,NA,NA,NA,NA,NA,NA,NA,NA,NA,NA,NA,NA,NA,NA,NA,NA,NA,NA,NA,NA,NA,NA,NA,NA,NA,NA,NA,NA,NA,NA,NA,NA
"Dredge spoil","Oxidised","Dredge spoil","S 6",22,2,4.32,279,0.18,0.32,NA,NA,NA,NA,NA,0.01,NA,1.39,NA,0.12,NA,0.92,NA,NA,NA,949.93,NA,16.8,NA,0.6,NA,NA,0.69,NA,0.45,NA,0.17,1.09,274.51,0.12,0.79,4.43,NA,5.95,NA,NA,NA,NA,NA,NA,NA,NA,NA,NA,NA,NA,NA,NA,NA,NA,NA,NA,NA,NA,NA,NA,0.1430148,NA,-0.920818754,-0.036212173,NA,NA,1.225309282,NA,NA,-0.161150909,NA,-0.769551079,0.037426498,2.43855817,-0.920818754,-0.102372909,0.646403726,0.774516966
"Dredge spoil","Oxidised","Dredge spoil","S 6",25,2,4.13,338,0.06,NA,NA,NA,NA,NA,NA,0.34,NA,5.57,0.01,0.6,NA,4.6,NA,0.06,NA,3689.84,NA,20.79,NA,1.83,NA,NA,1.9,NA,2.76,NA,1.14,3.49,378.71,0.41,6.47,2.5,NA,18.88,NA,0.920045674,-5.402519566,-1.308175004,0.728706923,-3.610760097,NA,2.237122721,-0.193033414,NA,NA,-0.155495494,0.217881299,NA,-0.666321118,0.452552356,5.13942136,-1.6889475,1.069826728,0.118941351,2.14075378,NA,0.745855195,-2,-0.22184875,0.662757832,-1.22184875,NA,1.317854489,NA,NA,0.278753601,NA,0.056904851,0.542825427,2.578306773,-0.387216143,0.810904281,0.397940009,1.27600199
"Dredge spoil","Oxidised","Dredge spoil","S 6",28,2,4.18,342,0.1,7.89,4.58,NA,NA,NA,NA,1.06,NA,3.67,0.01,0.81,NA,6.5,4.699950221,2.17,0.629107902,4518.19,3447.935241,24.77,15.71221272,2.23,2.215526864,14.2063727,1.83,1.16679943,3.16,146.9699882,1.11,3.73,446.72,0.39,8.97,2.18,0.430407074,16.14,NA,NA,NA,NA,NA,NA,NA,NA,NA,NA,NA,NA,NA,NA,NA,NA,NA,NA,NA,NA,NA,NA,0.564666064,-2,-0.091514981,0.812913357,0.336459734,3.5375591,1.393926007,0.34547702,1.152483204,0.26245109,2.167228659,0.045322979,0.571708832,2.650035397,-0.408935393,0.952792443,0.338456494,1.20790353
"Dredge spoil","Oxidised","Dredge spoil","S 6",32,2,4.18,324,0.43,0.18,NA,NA,NA,NA,NA,NA,NA,NA,NA,NA,NA,NA,NA,NA,NA,NA,NA,NA,NA,NA,NA,NA,NA,NA,NA,NA,NA,NA,NA,NA,NA,NA,NA,NA,NA,NA,NA,NA,NA,NA,NA,NA,NA,NA,NA,NA,NA,NA,NA,NA,NA,NA,NA,NA,NA,NA,NA,NA,NA,NA,NA,NA,NA,NA,NA,NA,NA,NA,NA,NA,NA,NA,NA,NA
"Dredge spoil","Oxidised","Dredge spoil","S 6",35,2,4.06,354,0.13,0.38,NA,NA,NA,NA,NA,1.67,NA,10.5,0.01,0.87,NA,8.4,NA,NA,NA,8426.09,NA,10.71,NA,3.97,NA,NA,3.6,NA,3.09,NA,1.39,2.72,164.82,0.35,19.15,2.67,NA,8.92,NA,1.191250708,-5.765294735,-1.299386616,0.968107157,NA,NA,1.211053336,0.218641546,NA,NA,0.120809297,-0.031953458,NA,-0.830820802,-0.159492669,3.944729421,-2.209946673,1.792178167,-0.178046076,1.028171398,NA,1.021189299,-2,-0.060480747,0.924279286,NA,NA,1.029789471,NA,NA,0.556302501,NA,0.1430148,0.434568904,2.21700991,-0.455931956,1.282168778,0.426511261,0.950364854
"Dredge spoil","Oxidised","Dredge spoil","S 6",38,2,3.97,345,0.17,NA,NA,NA,NA,NA,NA,NA,NA,NA,NA,NA,NA,NA,NA,NA,NA,NA,NA,NA,NA,NA,NA,NA,NA,NA,NA,NA,NA,NA,NA,NA,NA,NA,NA,NA,NA,NA,NA,NA,NA,NA,NA,NA,NA,NA,NA,NA,NA,NA,NA,NA,NA,NA,NA,NA,NA,NA,NA,NA,NA,NA,NA,NA,NA,NA,NA,NA,NA,NA,NA,NA,NA,NA,NA,NA
"Dredge spoil","Oxidised","Dredge spoil","S 6",41,2,4.13,333,0.2,0.13,6.49,NA,NA,NA,NA,0.36,NA,4.42,0.01,0.77,NA,7.39,4.863040475,2.23,0.870114771,3493.82,2545.264823,36.49,21.12062631,2.65,2.461375625,9.884496007,2.27,1.534634888,3.07,208.1147877,1.08,4.39,635.38,0.51,11,2.36,0.411360968,17.56,NA,NA,NA,NA,NA,NA,NA,NA,NA,NA,NA,NA,NA,NA,NA,NA,NA,NA,NA,NA,NA,NA,0.645422269,-2,-0.113509275,0.868644438,0.348304863,3.405732975,1.562173863,0.391177895,0.99495453,0.356025857,2.31830294,0.033423755,0.64246452,2.80303354,-0.292429824,1.041392685,0.372912003,1.244524512
"Dredge spoil","Oxidised","Dredge spoil","S 6",44,2,NA,NA,NA,0.06,NA,NA,NA,NA,NA,0.09,NA,2.06,0.01,0.44,NA,4.02,NA,3.19,NA,1617.05,NA,24.73,NA,1.76,NA,NA,1.39,NA,1.5,NA,0.64,2.46,427.68,0.37,5.61,2.62,NA,5.67,NA,-0.045848342,-5.37372451,-1.589534877,0.622727578,0.391466592,NA,2.439462757,-0.203240515,NA,NA,-0.439250577,-0.363089216,NA,-1.214841427,0.131607025,5.289820928,-1.762806598,0.955996395,0.194619993,0.966634793,NA,0.31386722,-2,-0.356547324,0.604226053,0.503790683,NA,1.393224116,NA,NA,0.1430148,NA,-0.193820026,0.390935107,2.631118941,-0.431798276,0.748962861,0.418301291,0.753583059
"Dredge spoil","Oxidised","Dredge spoil","S 6",47,2,4.17,371,0.43,2.01,4.56,NA,NA,NA,NA,NA,NA,1.36,NA,0.33,NA,3.07,2.474917143,NA,0.135815307,1207.64,854.2514995,21.03,12.33143816,1.95,0.848087298,3.803806622,1.09,0.205045696,1.08,146.151551,0.4,3.56,402.59,0.57,4.09,1.19,NA,10.62,NA,NA,NA,NA,NA,NA,NA,NA,NA,NA,NA,NA,NA,NA,NA,NA,NA,NA,NA,NA,NA,NA,0.133538908,NA,-0.48148606,0.487138375,NA,2.93158575,1.322839273,-0.071559441,0.58021843,0.037426498,2.164803429,-0.397940009,0.551449998,2.604862983,-0.244125144,0.611723308,0.075546961,1.026124517
"Dredge spoil","Oxidised","Dredge spoil","S 6",50,2,4.09,327,0.5,0.52,NA,NA,NA,NA,NA,0.41,NA,2.14,0.01,0.39,NA,3.53,NA,0.89,NA,1839.74,NA,22.97,NA,3.15,NA,NA,1.59,NA,1.45,NA,0.56,2.69,408.58,0.35,5.49,1.88,NA,5.24,NA,0.083381452,-5.282594563,-1.619032917,0.583873494,-0.793958194,NA,2.456764639,0.469978075,NA,NA,-0.213690361,-0.305860821,NA,-1.257242873,0.312116816,5.335263356,-1.727246502,1.025503878,-0.046152601,0.978897121,NA,0.330413773,-2,-0.408935393,0.547774705,-0.050609993,NA,1.361160995,NA,NA,0.201397124,NA,-0.251811973,0.42975228,2.611277104,-0.455931956,0.739572344,0.274157849,0.719331287
"Dredge spoil","Oxidised","Dredge spoil","S 6",54,2,4.16,306,6.5,0.5,NA,NA,NA,NA,NA,NA,NA,NA,NA,NA,NA,NA,NA,NA,NA,NA,NA,NA,NA,NA,NA,NA,NA,NA,NA,NA,NA,NA,NA,NA,NA,NA,NA,NA,NA,NA,NA,NA,NA,NA,NA,NA,NA,NA,NA,NA,NA,NA,NA,NA,NA,NA,NA,NA,NA,NA,NA,NA,NA,NA,NA,NA,NA,NA,NA,NA,NA,NA,NA,NA,NA,NA,NA,NA
"Dredge spoil","Oxidised","Dredge spoil","S 6",59,2,3.97,379,1.09,0.49,NA,NA,NA,NA,NA,NA,NA,NA,NA,NA,NA,NA,NA,NA,NA,NA,NA,NA,NA,NA,NA,NA,NA,NA,NA,NA,NA,NA,NA,NA,NA,NA,NA,NA,NA,NA,NA,NA,NA,NA,NA,NA,NA,NA,NA,NA,NA,NA,NA,NA,NA,NA,NA,NA,NA,NA,NA,NA,NA,NA,NA,NA,NA,NA,NA,NA,NA,NA,NA,NA,NA,NA,NA,NA
"Dredge spoil","Oxidised","Dredge spoil","S 6",64,2,3.83,NA,1,1.58,9.56,NA,NA,NA,NA,0.35,NA,10.01,0.02,0.84,NA,8.86,14.42592588,1.49,1.072227943,7437.05,6412.66808,66.87,45.21300223,11.43,3.569842615,3.24705441,2.92,2.630913726,3.23,306.5604147,1.6,8.35,939.68,0.82,14.19,1.51,0.970462325,17.78,NA,NA,NA,NA,NA,NA,NA,NA,NA,NA,NA,NA,NA,NA,NA,NA,NA,NA,NA,NA,NA,NA,1.000434077,-1.698970004,-0.075720714,0.947433722,0.173186268,3.807038761,1.825231323,0.55264907,0.511489566,0.465382851,2.486516075,0.204119983,0.921686475,2.972979983,-0.086186148,1.151982395,0.178976947,1.249931757
"Dredge spoil","Oxidised","Dredge spoil","S 6",69,2,3.91,365,1.36,0.18,NA,NA,NA,NA,NA,0.21,NA,11.55,0.02,0.85,NA,9.03,NA,1.35,NA,6955.26,NA,70.25,NA,9.27,NA,NA,3.1,NA,3.05,NA,2.47,8.94,1019.09,0.9,10.36,4.19,NA,25.32,NA,0.789404562,-5.56930388,-1.819799804,0.543271493,-1.357176282,NA,2.594779434,0.569502505,NA,NA,-0.525878763,-0.542139284,NA,-0.753062724,0.533254714,5.269384477,-1.76264139,0.680671362,-0.224580141,1.574313723,NA,1.062581984,-1.698970004,-0.070581074,0.95568775,0.130333768,NA,1.846646329,NA,NA,0.491361694,NA,0.392696953,0.951337519,3.00821254,-0.045757491,1.015359755,0.622214023,1.403463701
"Dredge spoil","Oxidised","Dredge spoil","S 6",74,2,3.54,330,2.9,0.2,33.45,NA,NA,NA,NA,0.55,NA,16.12,0.01,1.04,0.361446648,11.27,8.406371005,2.85,1.283368181,23018.68,15808.88157,79.47,63.37116931,10.44,1.821361289,NA,6.33,6.657076523,3.66,1072.646167,2.47,9.98,1179.2,1.25,19.02,2.41,1.583473489,23.51,NA,NA,NA,NA,NA,NA,NA,NA,NA,NA,NA,NA,NA,NA,NA,NA,NA,NA,NA,NA,NA,NA,1.207365037,-2,0.017033339,1.051923916,0.45484486,4.198901146,1.900203213,0.260396102,NA,0.80140371,3.030456485,0.392696953,0.999130541,3.071587471,0.096910013,1.279210513,0.382017043,1.371252629
"Dredge spoil","Oxidised","Dredge spoil","S 6",79,2,4.09,251,3.4,0.23,NA,NA,NA,NA,NA,0.71,NA,5.34,0.03,0.94,NA,11.19,NA,4.06,NA,19222.34,NA,83.66,NA,10.56,NA,NA,5.54,NA,3.4,NA,2.81,9.69,1242.04,1.38,24.85,1.77,NA,25.05,NA,-0.162160849,-5.343944399,-1.899261905,0.577634021,-0.436203528,NA,2.589374464,0.519686777,NA,NA,-0.125392001,-0.61361107,NA,-0.804202018,0.433707924,5.287123966,-1.515303003,1.375471251,-1.266406955,1.383487326,NA,0.727541257,-1.522878745,-0.026872146,1.048830087,0.608526034,NA,1.92251786,NA,NA,0.743509765,NA,0.44870632,0.986323777,3.094135583,0.139879086,1.395326393,0.247973266,1.39880773
"Dredge spoil","Oxidised","Dredge spoil","S 6",84,2,4.31,NA,3.8,0.1,48.1,117.11,127.64,10.54,4468.63,0.62,NA,6.11,0.02,1.18,0.019225398,13.47,10.20841164,3.36,1.764940415,14143.02,12094.17774,106.86,75.64379487,11.28,2.432680051,5.598490683,6.76,7.478902698,4.29,1542.445439,3.93,11.97,1593.85,1.88,37.88,2.69,1.852463152,49.82,NA,NA,NA,NA,NA,NA,NA,NA,NA,NA,NA,NA,NA,NA,NA,NA,NA,NA,NA,NA,NA,NA,0.78604121,-1.698970004,0.071882007,1.129367596,0.526339277,4.082576347,2.02881517,0.386084994,0.74807096,0.829946696,3.188209811,0.59439255,1.07809415,3.202447447,0.274157849,1.57840997,0.42975228,1.697403723
"Dredge spoil","Oxidised","Dredge spoil","S 6",89,2,5.46,164,3.8,0.01,24.59,108.96,116.23,7.26,4900,0.47,NA,4.16,0.02,1.19,0.43945457,12.96,11.03097564,2.67,1.682353733,6046.22,5011.583595,80.19,70.16261827,10.61,2.486638176,7.606110697,5.06,5.793793495,4.84,788.6598969,4.27,10.56,1163.37,1.97,22.49,2.63,1.712202835,55.17,NA,NA,NA,NA,NA,NA,NA,NA,NA,NA,NA,NA,NA,NA,NA,NA,NA,NA,NA,NA,NA,NA,0.619093331,-1.698970004,0.075546961,1.112605002,0.426511261,3.699974979,1.904120213,0.395612597,0.881162642,0.704150517,2.896889758,0.630427875,1.023663918,3.06571786,0.294466226,1.351989455,0.419955748,1.741702984
"Dredge spoil","Oxidised","Dredge spoil","S 6",94,2,5.45,NA,5.6,0.67,NA,50.49,58.02,7.53,4576.47,0.33,NA,3.84,0.03,1.53,NA,12.97,NA,6.46,NA,5386.26,NA,83.42,NA,11.13,NA,NA,3.5,NA,4.58,NA,4.5,11.49,1235.3,2.61,44.38,4.06,NA,61.21,NA,-0.756571449,-5.608601713,-1.67677608,0.460595183,-0.236414498,NA,2.321844273,0.30760035,NA,NA,-0.849280847,-0.580344818,NA,-0.597966419,0.339433276,5.017025319,-1.142693594,1.690745102,-0.700860842,2.012266759,NA,0.584331224,-1.522878745,0.184691431,1.112939976,0.810232518,NA,1.921270186,NA,NA,0.544068044,NA,0.653212514,1.060320029,3.091772441,0.416640507,1.647187298,0.608526034,1.786822379
"Dredge spoil","Oxidised","Dredge spoil","S 6",99,2,4.18,244,5,0.73,NA,65.78,84.35,18.56,5978.43,8.17,NA,6.69,0.14,15.03,NA,25.22,NA,11.81,NA,25544.24,NA,153.4,NA,33.08,NA,NA,13.99,NA,7.37,NA,3.55,13.62,862.04,8.35,54.41,4.18,NA,57.6,NA,-0.833717584,-4.700444314,-0.024283254,0.493305873,-0.265384828,NA,2.298717431,0.764597412,NA,NA,-0.095988669,-0.736913752,NA,-1.467383854,-0.122792157,4.024970215,-0.612069919,1.262216503,-1.304020211,1.31919111,NA,0.825426118,-0.853871964,1.176958981,1.401745082,1.072249898,NA,2.18582536,NA,NA,1.145817714,NA,0.550228353,1.134177108,2.935527418,0.921686475,1.735678726,0.621176282,1.760422483
"Dredge spoil","Oxidised","Dredge spoil","S 6",104,2,4.85,222,4.5,0.02,NA,95.3,133.93,38.63,5580.77,5.12,NA,7.21,0.05,6.79,NA,25.19,NA,8.98,NA,22560.06,NA,108.28,NA,9.98,NA,NA,17.36,NA,9.4,NA,5.65,18.51,664.24,7.28,66.83,4.33,NA,60.7,NA,-0.606044857,-5.577246082,-0.666062867,0.644933282,-0.386513926,NA,2.103206657,-0.280930718,NA,NA,0.272654901,-0.340804119,NA,-0.849858263,0.336797318,3.917129722,-0.596382946,1.620638273,-1.115946266,1.52442989,NA,0.857935265,-1.301029996,0.831869774,1.401228167,0.953276337,NA,2.034548247,NA,NA,1.239549721,NA,0.752048448,1.267406419,2.822325025,0.862131379,1.824971461,0.636487896,1.783188691
"Dredge spoil","Oxidised","Dredge spoil","S 6",107,2,4.89,213,6.1,0.94,637.05,75.81,85.19,9.37,5138.46,4.98,2.321855538,7.91,0.05,5.62,3.885944377,30.67,21.56252259,12.75,8.819093377,27062.08,22366.38445,110.66,80.80994528,8.59,9.373405488,17.49178536,16.98,19.91678463,11.71,20430.05057,6.31,19.07,670.41,5.32,79.22,4.6,2.071582291,68.36,-2.390577279,-1.164816164,-6.228676219,-1.506612282,0.190341033,-0.687412674,6.782370471,1.473518492,-1.08234521,-0.99506747,-0.371212583,-0.400907765,-0.772500768,6.691818217,-1.390808269,-0.284827526,3.27494552,-1.561470642,1.139284847,-1.706887642,0.991843913,0.365835195,0.898176483,-1.301029996,0.749736316,1.486713776,1.105510185,4.349595786,2.043990666,0.971897405,1.24283414,1.229937686,4.310269442,0.800029359,1.280350693,2.826340484,0.725911632,1.898834838,0.662757832,1.834802054
"Dredge spoil","Oxidised","Dredge spoil","S 6",112,2,4.95,NA,5.9,0.45,NA,66.34,71.78,5.44,4888.46,6.22,NA,7.83,0.02,6.16,NA,38.99,NA,16.18,NA,40385.32,NA,117.36,NA,9.81,NA,NA,19.52,NA,13.8,NA,7.19,22.79,537.9,5.71,112.48,3.51,NA,79.7,NA,-0.600876224,-6.570861739,-0.840761956,1.004466469,0.124937178,NA,2.1064074,-0.37543646,NA,NA,0.312600847,-0.034170141,NA,-0.686147562,0.46748311,3.628833936,-0.91661971,2.063936695,-1.403222696,1.719430852,NA,0.893761762,-1.698970004,0.789580712,1.590953235,1.208978517,NA,2.069520101,NA,NA,1.290479813,NA,0.85672889,1.357744325,2.730701544,0.756636108,2.051075308,0.545307116,1.901458321
"Dredge spoil","Oxidised","Dredge spoil","S 6",115,2,4.84,246,5.7,0.44,NA,40.11,49.21,9.1,6696.15,7.2,NA,9.52,0.03,6.34,NA,38.86,NA,15.89,NA,42326.59,NA,118.24,NA,9.59,NA,NA,19.92,NA,14.01,NA,6.4,24.44,644.72,5.71,126.52,3.79,NA,96.62,NA,-0.47731831,-6.237271056,-0.88383439,0.929252285,0.034976822,NA,2.042003298,-0.46999227,NA,NA,0.261011093,-0.090941799,NA,-0.874415169,0.465507975,3.738102955,-0.988494135,2.10968724,-1.39834714,1.8400726,NA,0.978636948,-1.522878745,0.802089258,1.589502796,1.201123897,NA,2.072764421,NA,NA,1.299289334,NA,0.806179974,1.388101202,2.809371143,0.756636108,2.102159183,0.57863921,1.985067033
"Dredge spoil","Oxidised","Dredge spoil","S 6",118,2,4.43,247,3.6,0.27,720.08,NA,NA,NA,NA,6.59,2.047120005,8.96,0.02,5.71,2.956730093,37.21,22.19882811,13.34,8.761048163,41205.94,27498.06924,115.79,67.2988783,9.62,9.025371606,15.68160448,19.6,18.96271032,12.14,23092.88134,5.56,22.89,696.52,5.23,122.4,2.96,1.263121675,119.36,-2.53963822,-1.063301923,-7.168095155,-1.513853126,0.360505392,-0.66530511,6.965798922,1.495706056,-0.992227885,-1.056032472,-0.503583814,-0.280542584,-0.759566364,6.791207532,-1.540474042,-0.125372016,3.290024358,-1.601660872,1.55122222,-2.170882882,1.526071986,0.311143302,0.95230801,-1.698970004,0.756636108,1.57065967,1.12515583,4.439302201,2.063671054,0.955465092,1.195390496,1.292256071,4.363478124,0.745074792,1.359645793,2.842933591,0.718501689,2.087781418,0.471291711,2.07685881
"Dredge spoil","Oxidised","Dredge spoil","S 6",122,2,4.98,253,4.6,0.21,NA,65.79,76.19,10.4,5965.38,5.49,NA,9.05,0.03,5.72,NA,35.24,NA,14.14,NA,37032.68,NA,94.99,NA,7.5,NA,NA,18.29,NA,12.52,NA,6.06,24.77,628.97,5.66,104.39,6.58,NA,137.4,NA,-0.503337561,-6.212660216,-0.962133514,0.856079482,-0.057094659,NA,1.847669304,-0.691199299,NA,NA,0.200252143,-0.178774953,NA,-0.904392519,0.503530924,3.737981242,-0.972678427,1.942031566,-0.822067574,2.216794061,NA,0.956648579,-1.522878745,0.757396029,1.5470359,1.150449409,NA,1.977677888,NA,NA,1.262213705,NA,0.782472624,1.393926007,2.798629931,0.752816431,2.018658898,0.818225894,2.137986733
"Dredge spoil","Oxidised","Dredge spoil","S 7",6,2,4.57,274,0.2,0.14,NA,NA,NA,NA,NA,NA,NA,NA,NA,NA,NA,NA,NA,NA,NA,NA,NA,NA,NA,NA,NA,NA,NA,NA,NA,NA,NA,NA,NA,NA,NA,NA,NA,NA,NA,NA,NA,NA,NA,NA,NA,NA,NA,NA,NA,NA,NA,NA,NA,NA,NA,NA,NA,NA,NA,NA,NA,NA,NA,NA,NA,NA,NA,NA,NA,NA,NA,NA,NA,NA,NA,NA,NA,NA
"Dredge spoil","Oxidised","Dredge spoil","S 7",7.5,3,NA,NA,NA,0.5,NA,NA,NA,NA,NA,1.37,NA,2.2,NA,0.57,NA,5.6,NA,1.14,NA,9293.84,NA,8.67,NA,1.34,NA,NA,0.86,NA,1.48,NA,1.13,2.4,138.6,1.13,14.1,1.09,NA,15.41,NA,-0.297726382,NA,-1.648302661,0.636582855,-0.95515548,NA,1.073685048,-0.793514129,NA,NA,-1.237006632,-0.694141655,NA,-0.96396611,-0.210715005,3.845408344,-0.96396611,1.559991055,-1.000006046,1.648832907,NA,0.342422681,NA,-0.244125144,0.748188027,0.056904851,NA,0.938019097,NA,NA,-0.065501549,NA,0.053078443,0.380211242,2.14176323,0.053078443,1.149219113,0.037426498,1.187802639
"Dredge spoil","Oxidised","Dredge spoil","S 7",9,3,4.1,364,0.3,0.47,NA,NA,NA,NA,NA,NA,NA,NA,NA,NA,NA,NA,NA,NA,NA,NA,NA,NA,NA,NA,NA,NA,NA,NA,NA,NA,NA,NA,NA,NA,NA,NA,NA,NA,NA,NA,NA,NA,NA,NA,NA,NA,NA,NA,NA,NA,NA,NA,NA,NA,NA,NA,NA,NA,NA,NA,NA,NA,NA,NA,NA,NA,NA,NA,NA,NA,NA,NA,NA,NA,NA,NA,NA,NA
"Dredge spoil","Oxidised","Dredge spoil","S 7",11,3,3.95,372,0.45,0.07,NA,NA,NA,NA,NA,NA,NA,NA,NA,NA,NA,NA,NA,NA,NA,NA,NA,NA,NA,NA,NA,NA,NA,NA,NA,NA,NA,NA,NA,NA,NA,NA,NA,NA,NA,NA,NA,NA,NA,NA,NA,NA,NA,NA,NA,NA,NA,NA,NA,NA,NA,NA,NA,NA,NA,NA,NA,NA,NA,NA,NA,NA,NA,NA,NA,NA,NA,NA,NA,NA,NA,NA,NA,NA
"Dredge spoil","Oxidised","Dredge spoil","S 7",14,3,3.98,378,0.31,0.22,12.31,NA,NA,NA,NA,2.21,0.616391606,4.96,0.01,0.74,NA,6.66,3.576653059,1.88,0.548435929,6704.34,4235.499297,27.63,17.53439272,1.56,2.51194675,17.27927835,1.83,1.141052281,2.14,394.8584247,1.16,4.49,405.86,0.54,13.83,1.57,NA,21.28,-2.157372164,-0.07209363,-6.278669557,-1.974604464,0.222620114,-1.042227594,6.677757127,1.645402768,-1.22881355,-0.752441321,1.17600863,-1.069183404,-0.912693542,4.305027911,-1.525079366,-0.171646669,4.332508902,-2.28968551,0.953340775,-1.222423751,1.384268294,-0.210143284,0.695481676,-2,-0.13076828,0.823474229,0.274157849,3.626904614,1.441380885,0.400010429,1.237525601,0.26245109,2.596441409,0.064457989,0.652246341,2.608376251,-0.26760624,1.14082218,0.195899652,1.327971624
"Dredge spoil","Oxidised","Dredge spoil","S 7",17.5,3,4.06,363,0.45,0.2,NA,NA,NA,NA,NA,NA,NA,NA,NA,NA,NA,NA,NA,NA,NA,NA,NA,NA,NA,NA,NA,NA,NA,NA,NA,NA,NA,NA,NA,NA,NA,NA,NA,NA,NA,NA,NA,NA,NA,NA,NA,NA,NA,NA,NA,NA,NA,NA,NA,NA,NA,NA,NA,NA,NA,NA,NA,NA,NA,NA,NA,NA,NA,NA,NA,NA,NA,NA,NA,NA,NA,NA,NA,NA
"Dredge spoil","Oxidised","Dredge spoil","S 7",20.5,3,NA,NA,NA,0.18,NA,NA,NA,NA,NA,0.58,NA,3.47,NA,0.68,NA,5.02,NA,0.6,NA,4214.01,NA,19.26,NA,1.44,NA,NA,1.68,NA,1.86,NA,0.96,2.82,295.64,0.31,5.64,1.22,NA,8.98,NA,NA,NA,NA,NA,NA,NA,NA,NA,NA,NA,NA,NA,NA,NA,NA,NA,NA,NA,NA,NA,NA,0.540329475,NA,-0.167491087,0.700703717,-0.22184875,NA,1.284656283,NA,NA,0.225309282,NA,-0.017728767,0.450249108,2.470763194,-0.508638306,0.751279104,0.086359831,0.953276337
"Dredge spoil","Oxidised","Dredge spoil","S 7",23.5,3,4.09,346,0.37,0.24,NA,NA,NA,NA,NA,NA,NA,NA,NA,NA,NA,NA,NA,NA,NA,NA,NA,NA,NA,NA,NA,NA,NA,NA,NA,NA,NA,NA,NA,NA,NA,NA,NA,NA,NA,NA,NA,NA,NA,NA,NA,NA,NA,NA,NA,NA,NA,NA,NA,NA,NA,NA,NA,NA,NA,NA,NA,NA,NA,NA,NA,NA,NA,NA,NA,NA,NA,NA,NA,NA,NA,NA,NA,NA
"Dredge spoil","Oxidised","Dredge spoil","S 7",26.5,3,4.1,312,0.4,0.25,NA,NA,NA,NA,NA,NA,NA,NA,NA,NA,NA,NA,NA,NA,NA,NA,NA,NA,NA,NA,NA,NA,NA,NA,NA,NA,NA,NA,NA,NA,NA,NA,NA,NA,NA,NA,NA,NA,NA,NA,NA,NA,NA,NA,NA,NA,NA,NA,NA,NA,NA,NA,NA,NA,NA,NA,NA,NA,NA,NA,NA,NA,NA,NA,NA,NA,NA,NA,NA,NA,NA,NA,NA,NA
"Dredge spoil","Oxidised","Dredge spoil","S 7",30,3,3.96,385,0.62,0.2,5.65,NA,NA,NA,NA,0.26,NA,2.27,NA,0.51,NA,6.61,2.673341214,3.71,0.734383444,7474.97,4911.425108,24.17,12.28477033,1.81,1.794427676,7.520131457,1.13,0.286023144,1.43,181.1520267,0.53,3.3,387.11,0.43,14.33,1.83,NA,8.29,NA,NA,NA,NA,NA,NA,NA,NA,NA,NA,NA,NA,NA,NA,NA,NA,NA,NA,NA,NA,NA,NA,0.356025857,NA,-0.292429824,0.820201459,0.56937391,3.691207526,1.38327665,0.253925959,0.876225432,0.053078443,2.258043197,-0.27572413,0.51851394,2.58783439,-0.366531544,1.15624619,0.26245109,0.918554531
"Dredge spoil","Oxidised","Dredge spoil","S 7",35,3,3.79,355,0.7,0.36,NA,NA,NA,NA,NA,0.21,NA,2.12,0.01,0.64,NA,7.61,NA,1.82,NA,10551.23,NA,48.19,NA,4.35,NA,NA,1.8,NA,1.85,NA,0.69,5.32,738.99,0.55,19.93,2.82,NA,14.03,NA,-0.426994916,-5.783581191,-1.624698107,0.851052167,-0.579574504,NA,2.696740526,0.29176484,NA,NA,-0.59062434,-0.563225366,NA,-1.549474686,0.493062299,5.426873384,-1.776248006,1.813815129,-0.14167412,1.462786889,NA,0.326335861,-2,-0.193820026,0.881384657,0.260071388,NA,1.682956926,NA,NA,0.255272505,NA,-0.161150909,0.725911632,2.868638562,-0.259637311,1.299507299,0.450249108,1.147057671
"Dredge spoil","Oxidised","Dredge spoil","S 7",40,3,3.61,354,1.2,0.39,11.46,NA,NA,NA,NA,0.07,NA,3.91,0.01,0.64,NA,9.12,6.841564792,2.47,1.707866626,17944.94,14577.71951,46.24,39.65454097,6.52,1.645668129,4.197570152,2.08,3.785425125,2.07,367.509253,1,5.89,744.96,0.65,29.34,1.45,0.532725092,11.92,NA,NA,NA,NA,NA,NA,NA,NA,NA,NA,NA,NA,NA,NA,NA,NA,NA,NA,NA,NA,NA,NA,0.592176757,-2,-0.193820026,0.959994838,0.392696953,4.16368959,1.665017825,0.216342258,0.622997963,0.318063335,2.565268278,0,0.770115295,2.872132954,-0.187086643,1.46746011,0.161368002,1.076276255
"Dredge spoil","Oxidised","Dredge spoil","S 7",45,3,3.52,354,1.68,0.02,NA,NA,NA,NA,NA,NA,NA,NA,NA,NA,NA,NA,NA,NA,NA,NA,NA,NA,NA,NA,NA,NA,NA,NA,NA,NA,NA,NA,NA,NA,NA,NA,NA,NA,NA,NA,NA,NA,NA,NA,NA,NA,NA,NA,NA,NA,NA,NA,NA,NA,NA,NA,NA,NA,NA,NA,NA,NA,NA,NA,NA,NA,NA,NA,NA,NA,NA,NA,NA,NA,NA,NA,NA,NA
"Dredge spoil","Oxidised","Dredge spoil","S 7",50,3,3.74,295,2.4,0.52,19.77,NA,NA,NA,NA,0.4,NA,11.73,0.04,0.89,NA,13.47,8.777019521,4.07,2.208743301,15459.11,11566.93582,79.44,57.52720334,14.82,2.068589938,3.746298354,3.93,3.889597751,3.18,634.149777,3.3,8.52,1190.05,1.24,31.04,2.1,0.953734238,18.34,NA,NA,NA,NA,NA,NA,NA,NA,NA,NA,NA,NA,NA,NA,NA,NA,NA,NA,NA,NA,NA,NA,1.069298012,-1.397940009,-0.050609993,1.129367596,0.609594409,4.063218326,1.900039235,0.315674408,0.573602361,0.59439255,2.802191844,0.51851394,0.930439595,3.075565209,0.093421685,1.491921713,0.322219295,1.263399331
"Dredge spoil","Oxidised","Dredge spoil","S 7",53,3,3.69,272,2.4,0.12,NA,NA,NA,NA,NA,0.05,NA,10.41,0.01,0.89,NA,12.91,NA,3.17,NA,13345.39,NA,75.85,NA,12.09,NA,NA,4.13,NA,3.28,NA,4.45,8.09,1136.7,1.29,35.8,2.18,NA,23,NA,0.522336851,-6.425600218,-1.936963848,0.737572173,-0.666698444,NA,2.508327674,0.671948633,NA,NA,-0.402152625,-0.63258661,NA,-0.327525936,0.270198699,5.215454575,-1.565787814,1.757517861,-1.041105155,1.315064184,NA,1.01745073,-2,-0.050609993,1.110926242,0.501059262,NA,1.879955585,NA,NA,0.615950052,NA,0.648360011,0.907948522,3.05564586,0.11058971,1.553883027,0.338456494,1.361727836
"Dredge spoil","Oxidised","Dredge spoil","S 7",56,3,3.85,271,3.3,0.27,21.55,NA,NA,NA,NA,NA,NA,15.8,0.02,1.19,0.109386895,15.35,9.838545393,3.24,1.712511905,10337.14,7513.587292,99.94,66.56043069,9.24,3.206400604,6.488237817,9.24,9.301191311,4.33,691.0324418,2.73,10.23,1307.21,1.66,37.66,2.63,1.836263888,29.22,NA,NA,NA,NA,NA,NA,NA,NA,NA,NA,NA,NA,NA,NA,NA,NA,NA,NA,NA,NA,NA,NA,1.198657087,-1.698970004,0.075546961,1.18610838,0.51054501,3.875847336,1.999739345,0.506017782,0.81212676,0.965671971,2.839498437,0.436162647,1.009875634,3.116345362,0.220108088,1.575880316,0.419955748,1.465680212
"Dredge spoil","Oxidised","Dredge spoil","S 7",59,3,4.09,253,3.3,0.44,NA,271.16,281.35,10.18,4946.15,0.07,NA,8.01,0.02,1.38,NA,17.93,NA,4.66,NA,5938,NA,115.18,NA,10.78,NA,NA,5.2,NA,5.11,NA,4.98,12.57,1552.37,2.46,22.36,3.18,NA,33.15,NA,-0.011179777,-6.003893543,-1.769787039,0.79460475,-0.55285509,NA,2.654625584,0.285822028,NA,NA,-0.443211912,-0.460671134,NA,-0.486440647,0.439442485,5.255667536,-1.191709188,1.01540311,-0.934989341,1.409172179,NA,0.903632516,-1.698970004,0.139879086,1.25358029,0.668385917,NA,2.061377074,NA,NA,0.716003344,NA,0.697229343,1.099335278,3.190995241,0.390935107,1.349471799,0.50242712,1.520483533
"Dredge spoil","Oxidised","Dredge spoil","S 7",62,3,4.06,253,5.3,0.66,NA,271.16,281.35,10.18,4946.15,0.29,NA,7.2,0.03,1.71,NA,20.66,NA,7.55,NA,8248.03,NA,105.78,NA,11.98,NA,NA,5.67,NA,5.84,NA,3.42,13.6,1573.18,2.5,33.99,2.76,NA,45.72,NA,-0.224604711,-5.705243634,-1.662192366,0.829513727,-0.177138173,NA,2.462675729,0.284552856,NA,NA,-0.463496619,-0.43395494,NA,-0.969045185,0.411384056,5.162168591,-1.282395005,1.327380627,-1.183455057,1.623850102,NA,0.857332496,-1.522878745,0.23299611,1.315130317,0.877946952,NA,2.024403563,NA,NA,0.753583059,NA,0.534026106,1.133538908,3.196778417,0.397940009,1.531351165,0.440909082,1.660106222
"Dredge spoil","Oxidised","Dredge spoil","S 7",63,3,4.22,247,3.8,0.37,51.24,294.48,296.74,2.25,6811.54,0.47,NA,9.1,0.02,1.56,0.248801537,18.22,12.34642701,10.71,2.790911432,8966.14,6761.098269,102.11,69.66337388,14.04,3.712201346,9.729935758,8.4,9.707476886,6.11,1643.229002,6.65,12.45,1527.93,2.38,33.47,4.65,1.745083149,48.83,NA,NA,NA,NA,NA,NA,NA,NA,NA,NA,NA,NA,NA,NA,NA,NA,NA,NA,NA,NA,NA,NA,0.959041392,-1.698970004,0.193124598,1.260548373,1.029789471,3.830017248,2.009068276,0.569631524,0.988109973,0.924279286,3.215698091,0.822821645,1.095169351,3.184103458,0.376576957,1.524655712,0.667452953,1.688686724
"Dredge spoil","Oxidised","Dredge spoil","S 7",68,3,4.33,241,3.2,0.71,NA,382.49,382.72,0.23,5674.51,0.73,NA,9.14,0.03,1.3,NA,18.2,NA,5.81,NA,12546.8,NA,87.46,NA,13.61,NA,NA,10.64,NA,5.04,NA,5.41,9.74,1185.13,2.85,48.42,2.42,NA,48.4,NA,-0.001469559,-5.720687842,-1.95176568,0.68729165,-0.454549373,NA,2.257051602,0.396674872,NA,NA,0.15049054,-0.596723862,NA,-0.525880851,0.062111173,4.863477808,-1.16681095,1.665783007,-1.330362404,1.665369869,NA,0.960946196,-1.522878745,0.113943352,1.260071388,0.764176132,NA,1.941809473,NA,NA,1.026941628,NA,0.733197265,0.988558957,3.073765992,0.45484486,1.685024785,0.383815366,1.684845362
"Dredge spoil","Oxidised","Dredge spoil","S 7",71,3,4.31,NA,6.9,0.51,NA,353.59,365.37,11.78,6157.69,2.33,NA,8.93,0.04,1.22,NA,17.82,NA,3.94,NA,12262.18,NA,81.54,NA,17.07,NA,NA,13.53,NA,4.85,NA,6.32,9.31,1198.12,3.87,77.02,2.19,NA,62.04,NA,-0.099053337,-5.507345557,-2.089618873,0.59185169,-0.917289009,NA,2.112623965,0.548852805,NA,NA,0.31643971,-0.709491027,NA,-0.444750524,-0.057380641,4.800039209,-0.935215225,2.055595396,-1.504568188,1.839309606,NA,0.950851459,-1.397940009,0.086359831,1.2509077,0.595496222,NA,1.911370707,NA,NA,1.131297797,NA,0.800717078,0.968949681,3.078500318,0.587710965,1.886603514,0.340444115,1.792671789
"Dredge spoil","Oxidised","Dredge spoil","S 7",74,3,4.19,222,6,NA,NA,361.47,383.43,21.95,6484.62,0.94,NA,16.56,0.02,8.74,NA,36.68,NA,12,NA,27707.97,NA,54.63,NA,3.38,NA,NA,13.32,NA,14.6,NA,4.33,16.69,476.51,2.58,93.57,4.67,NA,144.95,NA,0.301385408,-6.417627746,-0.337694551,1.096626907,-0.020698091,NA,1.494978442,-1.287729031,NA,NA,0.083661924,0.175416788,NA,-1.040037199,0.309204997,3.660883969,-1.557815342,2.033105079,-0.964445669,2.470784115,NA,1.219060332,-1.698970004,0.941511433,1.564429327,1.079181246,NA,1.737431201,NA,NA,1.124504225,NA,0.636487896,1.222456337,2.678072019,0.411619706,1.971136629,0.669316881,2.16121822
"Dredge spoil","Oxidised","Dredge spoil","S 7",77,3,3.82,258,4,0.65,109.34,384.48,387.74,3.26,7080.77,0.73,NA,2.63,0.05,2.98,1.271943814,13.39,8.254817812,4.81,3.64440993,4941.58,3539.502091,42.46,29.69192765,18.41,2.838344985,9.23531362,4.57,5.320263112,3.28,3506.673559,2.73,5.63,593.78,3.78,20.89,1.27,0.516113058,23.87,NA,NA,NA,NA,NA,NA,NA,NA,NA,NA,NA,NA,NA,NA,NA,NA,NA,NA,NA,NA,NA,NA,0.419955748,-1.301029996,0.474216264,1.126780577,0.682145076,3.548942173,1.62797999,0.45306518,0.965451648,0.6599162,3.544895339,0.436162647,0.750508395,2.773625565,0.5774918,1.31993844,0.103803721,1.377852419
"Dredge spoil","Oxidised","Dredge spoil","S 7",80,3,4.18,320,4.08,0.02,NA,360.67,370.23,9.56,7984.62,NA,NA,NA,NA,NA,NA,NA,NA,NA,NA,NA,NA,NA,NA,NA,NA,NA,NA,NA,NA,NA,NA,NA,NA,NA,NA,NA,NA,NA,NA,NA,NA,NA,NA,NA,NA,NA,NA,NA,NA,NA,NA,NA,NA,NA,NA,NA,NA,NA,NA,NA,NA,NA,NA,NA,NA,NA,NA,NA,NA,NA,NA,NA,NA,NA,NA,NA,NA,NA
"Dredge spoil","Oxidised","Dredge spoil","S 7",83,3,4.12,NA,4,0.09,1124.98,351.84,401.68,49.84,4292.16,2.04,0.565909216,14.45,0.06,13.21,7.790394728,55.02,27.96357739,20.7,13.81495197,57242.76,37247.87066,155.34,83.90822627,7.4,14.61934419,19.31532051,22.39,22.56528789,21.84,36078.14449,8.1,24.85,837.8,4.91,160.24,6.68,2.418186402,88.49,-4.088069833,-0.848053809,-6.33215894,-0.937774105,0.488948532,-0.488614523,7.006601835,1.52686804,-1.517268223,-0.836402627,-0.557849634,-0.410133793,-0.435005073,6.974694322,-1.426884162,-0.305890471,3.212031185,-1.927474282,1.557924468,-1.619630236,0.964141328,-0.247253233,1.159867847,-1.22184875,1.120902818,1.740520586,1.315970345,4.571101451,2.191283301,1.164927891,1.285901919,1.350054094,4.557244194,0.908485019,1.395326393,2.923140356,0.691081492,2.204770936,0.824776462,1.946894195
"Dredge spoil","Oxidised","Dredge spoil","S 7",86,3,NA,NA,NA,0.1,NA,139.93,200,60.07,6234.62,0.62,NA,14.33,0.02,10.13,NA,46.43,NA,16.02,NA,30466.45,NA,117.97,NA,3.72,NA,NA,23.48,NA,20.43,NA,9.13,24.14,798.66,4.25,119.35,5.84,NA,61.95,NA,-0.095978114,-6.670356362,-0.442832038,1.079612446,0.015504585,NA,2.012096999,-1.444609688,NA,NA,0.397815639,0.258671053,NA,-0.546767662,0.425536859,3.924601967,-1.311414373,2.023726997,-0.993602559,1.367994252,NA,1.15624619,-1.698970004,1.005609445,1.666798684,1.204662512,NA,2.071771579,NA,NA,1.370698093,NA,0.960470778,1.382737266,2.902361934,0.62838893,2.076822423,0.766412847,1.792041311
"Dredge spoil","Oxidised","Dredge spoil","S 7",89,3,NA,NA,NA,0.37,NA,139.93,200,60.07,6234.62,1.72,NA,13.49,0.02,11.7,NA,45.45,NA,18.02,NA,43574.73,NA,93.87,NA,5.67,NA,NA,17.74,NA,20.17,NA,5.73,21.86,657.03,3.23,108.51,5.51,NA,36.06,NA,-0.053295385,-6.56726706,-0.195655213,1.161368766,0.236238197,NA,1.886666791,-0.920054937,NA,NA,0.220577922,0.348952297,NA,-0.909528524,0.429414428,3.832485625,-1.482761918,2.03159828,-0.948679432,0.929940163,NA,1.13001195,-1.698970004,1.068185862,1.657533888,1.255754787,NA,1.972526818,NA,NA,1.248953615,NA,0.758154622,1.339650158,2.8175852,0.509202522,2.035469763,0.741151599,1.557025722
"Dredge spoil","Oxidised","Dredge spoil","S 7",92,3,3.99,301,5.93,0.17,717.57,139.93,200,60.07,6234.62,1.9,2.215442465,25.54,NA,10.8,7.60919252,42.67,27.2810521,16.08,13.2243216,39891.61,29437.3057,64.96,40.24975651,4.24,12.21956641,14.55485785,15.32,17.24249153,18.83,23012.56498,6.61,20.67,598.41,3.01,117.19,5.07,2.234270864,36.88,NA,NA,NA,NA,NA,NA,NA,NA,NA,NA,NA,NA,NA,NA,NA,NA,NA,NA,NA,NA,NA,0.345460476,1.407220893,NA,1.033423755,1.630122643,1.206286044,4.468898058,1.812646016,1.087055796,1.163007968,1.185258765,4.361965028,0.820201459,1.315340477,2.776998842,0.478566496,2.068890554,0.705007959,1.566790912
"Dredge spoil","Oxidised","Dredge spoil","S 7",95,3,NA,NA,NA,0.4,NA,NA,NA,NA,NA,1.14,NA,25.62,NA,9.03,NA,39.92,NA,15.1,NA,34941.95,NA,58.98,NA,4.42,NA,NA,14.12,NA,18.14,NA,6.96,19.77,577.36,2.81,111.94,5.06,NA,47.79,NA,NA,NA,NA,NA,NA,NA,NA,NA,NA,NA,NA,NA,NA,NA,NA,NA,NA,NA,NA,NA,NA,1.408579125,NA,0.95568775,1.601190533,1.178976947,NA,1.770704768,NA,NA,1.149834697,NA,0.84260924,1.296006669,2.761446692,0.44870632,2.048985303,0.704150517,1.679337031
"Dredge spoil","Oxidised","Dredge spoil","S 7",98,3,4.83,243,3.8,0.02,NA,NA,NA,NA,NA,NA,NA,NA,NA,NA,NA,NA,NA,NA,NA,NA,NA,NA,NA,NA,NA,NA,NA,NA,NA,NA,NA,NA,NA,NA,NA,NA,NA,NA,NA,NA,NA,NA,NA,NA,NA,NA,NA,NA,NA,NA,NA,NA,NA,NA,NA,NA,NA,NA,NA,NA,NA,NA,NA,NA,NA,NA,NA,NA,NA,NA,NA,NA,NA,NA,NA,NA,NA,NA
"Dredge spoil","Oxidised","Dredge spoil","S 7",100,3,NA,NA,NA,0.45,NA,NA,NA,NA,NA,NA,NA,NA,NA,NA,NA,NA,NA,NA,NA,NA,NA,NA,NA,NA,NA,NA,NA,NA,NA,NA,NA,NA,NA,NA,NA,NA,NA,NA,NA,NA,NA,NA,NA,NA,NA,NA,NA,NA,NA,NA,NA,NA,NA,NA,NA,NA,NA,NA,NA,NA,NA,NA,NA,NA,NA,NA,NA,NA,NA,NA,NA,NA,NA,NA,NA,NA,NA,NA
"Dredge spoil","Oxidised","Dredge spoil","S 7",102,3,NA,NA,NA,NA,NA,NA,NA,NA,NA,NA,NA,NA,NA,NA,NA,NA,NA,NA,NA,NA,NA,NA,NA,NA,NA,NA,NA,NA,NA,NA,NA,NA,NA,NA,NA,NA,NA,NA,NA,NA,NA,NA,NA,NA,NA,NA,NA,NA,NA,NA,NA,NA,NA,NA,NA,NA,NA,NA,NA,NA,NA,NA,NA,NA,NA,NA,NA,NA,NA,NA,NA,NA,NA,NA,NA,NA,NA,NA
"Dredge spoil","Oxidised","Dredge spoil","S 7",106,3,5.28,NA,4.4,0.12,175.6,126.9,128.22,1.32,5792.31,0.92,NA,19.55,0.03,6,2.991085523,24.29,16.22120125,8.02,6.990331317,20124.75,13807.96008,41.69,25.78134468,2.12,7.588078376,19.34144803,12.04,11.64234287,11.76,5631.494125,6.51,14.98,456.75,2.21,65.37,9.54,0.993188838,192.22,NA,NA,NA,NA,NA,NA,NA,NA,NA,NA,NA,NA,NA,NA,NA,NA,NA,NA,NA,NA,NA,NA,1.291146762,-1.522878745,0.77815125,1.385427515,0.904174368,4.140129523,1.620031895,0.880131808,1.286488985,1.080626487,3.750623635,0.813580989,1.175511813,2.659678556,0.344392274,1.815378485,0.979548375,2.283798573
"Dredge spoil","Oxidised","Dredge spoil","S 8",9,4,4.3,284,0.6,NA,NA,NA,NA,NA,NA,NA,NA,NA,NA,NA,NA,NA,NA,NA,NA,NA,NA,NA,NA,NA,NA,NA,NA,NA,NA,NA,NA,NA,NA,NA,NA,NA,NA,NA,NA,NA,NA,NA,NA,NA,NA,NA,NA,NA,NA,NA,NA,NA,NA,NA,NA,NA,NA,NA,NA,NA,NA,NA,NA,NA,NA,NA,NA,NA,NA,NA,NA,NA,NA,NA,NA,NA,NA,NA
"Dredge spoil","Oxidised","Dredge spoil","S 8",11,4,3.91,365,0.42,NA,NA,NA,NA,NA,NA,NA,NA,NA,NA,NA,NA,NA,NA,NA,NA,NA,NA,NA,NA,NA,NA,NA,NA,NA,NA,NA,NA,NA,NA,NA,NA,NA,NA,NA,NA,NA,NA,NA,NA,NA,NA,NA,NA,NA,NA,NA,NA,NA,NA,NA,NA,NA,NA,NA,NA,NA,NA,NA,NA,NA,NA,NA,NA,NA,NA,NA,NA,NA,NA,NA,NA,NA,NA,NA
"Dredge spoil","Oxidised","Dredge spoil","S 8",13,4,3.86,414,0.26,0.58,9.81,NA,NA,NA,NA,NA,NA,NA,NA,NA,NA,NA,6.62443976,NA,1.018041175,NA,22242.01645,NA,8.424998839,NA,5.150111558,21.34648803,NA,1.507670484,NA,314.5575965,NA,NA,NA,NA,NA,NA,NA,NA,NA,NA,NA,NA,NA,NA,NA,NA,NA,NA,NA,NA,NA,NA,NA,NA,NA,NA,NA,NA,NA,NA,NA,NA,NA,NA,NA,4.347174158,NA,0.711816637,1.329326434,NA,2.497700178,NA,NA,NA,NA,NA,NA,NA
"Dredge spoil","Oxidised","Dredge spoil","S 8",19,4,NA,NA,NA,0.56,NA,NA,NA,NA,NA,NA,NA,NA,NA,NA,NA,NA,NA,NA,NA,NA,NA,NA,NA,NA,NA,NA,NA,NA,NA,NA,NA,NA,NA,NA,NA,NA,NA,NA,NA,NA,NA,NA,NA,NA,NA,NA,NA,NA,NA,NA,NA,NA,NA,NA,NA,NA,NA,NA,NA,NA,NA,NA,NA,NA,NA,NA,NA,NA,NA,NA,NA,NA,NA,NA,NA,NA,NA,NA
"Dredge spoil","Oxidised","Dredge spoil","S 8",22,4,3.85,421,0.46,0.36,NA,NA,NA,NA,NA,NA,NA,NA,NA,NA,NA,NA,NA,NA,NA,NA,NA,NA,NA,NA,NA,NA,NA,NA,NA,NA,NA,NA,NA,NA,NA,NA,NA,NA,NA,NA,NA,NA,NA,NA,NA,NA,NA,NA,NA,NA,NA,NA,NA,NA,NA,NA,NA,NA,NA,NA,NA,NA,NA,NA,NA,NA,NA,NA,NA,NA,NA,NA,NA,NA,NA,NA,NA,NA
"Dredge spoil","Oxidised","Dredge spoil","S 8",24,4,4.05,425,0.66,0.4,NA,NA,NA,NA,NA,NA,NA,NA,NA,NA,NA,NA,NA,NA,NA,NA,NA,NA,NA,NA,NA,NA,NA,NA,NA,NA,NA,NA,NA,NA,NA,NA,NA,NA,NA,NA,NA,NA,NA,NA,NA,NA,NA,NA,NA,NA,NA,NA,NA,NA,NA,NA,NA,NA,NA,NA,NA,NA,NA,NA,NA,NA,NA,NA,NA,NA,NA,NA,NA,NA,NA,NA,NA,NA
"Dredge spoil","Oxidised","Dredge spoil","S 8",26,4,NA,NA,NA,0.15,NA,NA,NA,NA,NA,NA,NA,NA,NA,NA,NA,NA,NA,NA,NA,NA,NA,NA,NA,NA,NA,NA,NA,NA,NA,NA,NA,NA,NA,NA,NA,NA,NA,NA,NA,NA,NA,NA,NA,NA,NA,NA,NA,NA,NA,NA,NA,NA,NA,NA,NA,NA,NA,NA,NA,NA,NA,NA,NA,NA,NA,NA,NA,NA,NA,NA,NA,NA,NA,NA,NA,NA,NA,NA
"Dredge spoil","Oxidised","Dredge spoil","S 8",28,4,3.89,442,0.81,0.68,NA,NA,NA,NA,NA,1.26,NA,6.46,0.01,0.61,NA,5.99,NA,0.81,NA,10540.16,NA,16.77,NA,1.97,NA,NA,2.8,NA,2.21,NA,0.85,2.76,276.73,0.28,11.4,1.02,NA,16.78,NA,0.981744174,-5.48905533,-1.378181466,0.906206268,-1.094606175,NA,1.935706432,-0.205851601,NA,NA,0.145734273,-0.090892628,NA,-1.046404073,0.131345536,4.739157158,-2.15685082,1.549728212,-0.864082517,1.936302557,NA,0.810232518,-2,-0.214670165,0.777426822,-0.091514981,NA,1.224533063,NA,NA,0.447158031,NA,-0.070581074,0.440909082,2.442056243,-0.552841969,1.056904851,0.008600172,1.224791956
"Dredge spoil","Oxidised","Dredge spoil","S 8",33,4,4.27,335,0.6,3.4,4.85,NA,NA,NA,NA,NA,NA,NA,NA,NA,NA,NA,6.689951135,NA,0.026015961,NA,2925.416866,NA,3.176791426,NA,1.692623842,4.735925219,NA,NA,NA,155.383959,NA,NA,NA,NA,NA,NA,NA,NA,NA,NA,NA,NA,NA,NA,NA,NA,NA,NA,NA,NA,NA,NA,NA,NA,NA,NA,NA,NA,NA,NA,NA,NA,NA,NA,NA,3.466187761,NA,0.228560454,0.675404836,NA,2.191406183,NA,NA,NA,NA,NA,NA,NA
"Dredge spoil","Oxidised","Dredge spoil","S 8",36,4,NA,NA,NA,0.48,NA,NA,NA,NA,NA,0.07,NA,1.48,NA,0.21,NA,2.68,NA,0.59,NA,3031.15,NA,13.37,NA,1.42,NA,NA,0.5,NA,0.71,NA,0.65,1.22,255.22,0.14,5.82,0.55,NA,4.08,NA,NA,NA,NA,NA,NA,NA,NA,NA,NA,NA,NA,NA,NA,NA,NA,NA,NA,NA,NA,NA,NA,0.170261715,NA,-0.677780705,0.428134794,-0.229147988,NA,1.126131407,NA,NA,-0.301029996,NA,-0.187086643,0.086359831,2.406914704,-0.853871964,0.764922985,-0.259637311,0.610660163
"Dredge spoil","Oxidised","Dredge spoil","S 8",39,4,NA,NA,NA,1.14,NA,NA,NA,NA,NA,NA,NA,NA,NA,NA,NA,NA,NA,NA,NA,NA,NA,NA,NA,NA,NA,NA,NA,NA,NA,NA,NA,NA,NA,NA,NA,NA,NA,NA,NA,NA,NA,NA,NA,NA,NA,NA,NA,NA,NA,NA,NA,NA,NA,NA,NA,NA,NA,NA,NA,NA,NA,NA,NA,NA,NA,NA,NA,NA,NA,NA,NA,NA,NA,NA,NA,NA,NA,NA
"Dredge spoil","Oxidised","Dredge spoil","S 8",43,4,3.93,431,1.27,1.08,25.27,NA,NA,NA,NA,0.24,NA,11.16,NA,0.24,NA,3.29,1.829972618,0.65,0.118290218,5754.48,4378.524698,16.66,15.75871791,2.64,1.143431089,3.116552946,3.28,3.398377432,0.93,810.3888496,0.94,1.9,328.84,0.21,8.05,2.45,NA,6.06,NA,NA,NA,NA,NA,NA,NA,NA,NA,NA,NA,NA,NA,NA,NA,NA,NA,NA,NA,NA,NA,NA,1.047664195,NA,-0.619788758,0.517195898,-0.187086643,3.641327804,1.221674997,0.058209996,0.493674509,0.515873844,2.908693457,-0.026872146,0.278753601,2.51698464,-0.677780705,0.90579588,0.389166084,0.782472624
"Dredge spoil","Oxidised","Dredge spoil","S 8",46,4,4.04,393,0.26,0.03,NA,NA,NA,NA,NA,NA,NA,NA,NA,NA,NA,NA,NA,NA,NA,NA,NA,NA,NA,NA,NA,NA,NA,NA,NA,NA,NA,NA,NA,NA,NA,NA,NA,NA,NA,NA,NA,NA,NA,NA,NA,NA,NA,NA,NA,NA,NA,NA,NA,NA,NA,NA,NA,NA,NA,NA,NA,NA,NA,NA,NA,NA,NA,NA,NA,NA,NA,NA,NA,NA,NA,NA,NA,NA
"Dredge spoil","Oxidised","Dredge spoil","S 8",53,4,3.86,414,2.34,0.07,NA,NA,NA,NA,NA,NA,NA,NA,NA,NA,NA,NA,NA,NA,NA,NA,NA,NA,NA,NA,NA,NA,NA,NA,NA,NA,NA,NA,NA,NA,NA,NA,NA,NA,NA,NA,NA,NA,NA,NA,NA,NA,NA,NA,NA,NA,NA,NA,NA,NA,NA,NA,NA,NA,NA,NA,NA,NA,NA,NA,NA,NA,NA,NA,NA,NA,NA,NA,NA,NA,NA,NA,NA,NA
"Dredge spoil","Oxidised","Dredge spoil","S 8",58,4,NA,NA,NA,0.36,NA,NA,NA,NA,NA,NA,NA,NA,NA,NA,NA,NA,NA,NA,NA,NA,NA,NA,NA,NA,NA,NA,NA,NA,NA,NA,NA,NA,NA,NA,NA,NA,NA,NA,NA,NA,NA,NA,NA,NA,NA,NA,NA,NA,NA,NA,NA,NA,NA,NA,NA,NA,NA,NA,NA,NA,NA,NA,NA,NA,NA,NA,NA,NA,NA,NA,NA,NA,NA,NA,NA,NA,NA,NA
"Dredge spoil","Oxidised","Dredge spoil","S 8",61,4,NA,NA,NA,0.02,NA,NA,NA,NA,NA,NA,NA,NA,NA,NA,NA,NA,NA,NA,NA,NA,NA,NA,NA,NA,NA,NA,NA,NA,NA,NA,NA,NA,NA,NA,NA,NA,NA,NA,NA,NA,NA,NA,NA,NA,NA,NA,NA,NA,NA,NA,NA,NA,NA,NA,NA,NA,NA,NA,NA,NA,NA,NA,NA,NA,NA,NA,NA,NA,NA,NA,NA,NA,NA,NA,NA,NA,NA,NA
"Dredge spoil","Oxidised","Dredge spoil","S 8",64,4,3.81,490,7.27,0.1,NA,NA,NA,NA,NA,NA,NA,NA,NA,NA,NA,NA,NA,NA,NA,NA,NA,NA,NA,NA,NA,NA,NA,NA,NA,NA,NA,NA,NA,NA,NA,NA,NA,NA,NA,NA,NA,NA,NA,NA,NA,NA,NA,NA,NA,NA,NA,NA,NA,NA,NA,NA,NA,NA,NA,NA,NA,NA,NA,NA,NA,NA,NA,NA,NA,NA,NA,NA,NA,NA,NA,NA,NA,NA
"Dredge spoil","Oxidised","Dredge spoil","S 8",69,4,3.86,322,4.18,0.58,14.2,NA,NA,NA,NA,NA,NA,7.25,NA,0.95,NA,12.59,7.171815114,3.79,1.598671403,5548.01,3633.973595,82.18,50.2603029,9.5,2.251486701,7.771542642,5.48,5.1887827,3.27,455.3623634,3.28,8.83,1312.93,1.77,23.42,3.49,1.034769217,22.75,NA,NA,NA,NA,NA,NA,NA,NA,NA,NA,NA,NA,NA,NA,NA,NA,NA,NA,NA,NA,NA,NA,0.860338007,NA,-0.022276395,1.10002573,0.57863921,3.560381767,1.914766137,0.352469386,0.890507234,0.738780558,2.658357132,0.515873844,0.945960704,3.118241572,0.247973266,1.369586891,0.542825427,1.356981401
"Dredge spoil","Oxidised","Dredge spoil","S 8",74,4,NA,NA,NA,NA,NA,NA,NA,NA,NA,NA,NA,NA,NA,NA,NA,NA,NA,NA,NA,NA,NA,NA,NA,NA,NA,NA,NA,NA,NA,NA,NA,NA,NA,NA,NA,NA,NA,NA,NA,NA,NA,NA,NA,NA,NA,NA,NA,NA,NA,NA,NA,NA,NA,NA,NA,NA,NA,NA,NA,NA,NA,NA,NA,NA,NA,NA,NA,NA,NA,NA,NA,NA,NA,NA,NA,NA,NA,NA
"Dredge spoil","Oxidised","Dredge spoil","S 8",79,4,4.02,271,4.1,0.21,72.63,NA,NA,NA,NA,0.21,NA,9.31,0.02,1.08,NA,14.84,9.532649807,7.14,3.092511233,14977,12116.87257,86.9,56.4895639,10.6,2.71736118,14.29295427,10.71,12.47120619,3.7,2329.38537,4.2,9.74,1271.83,2.46,44.49,2.61,1.262667108,25.54,NA,NA,NA,NA,NA,NA,NA,NA,NA,NA,NA,NA,NA,NA,NA,NA,NA,NA,NA,NA,NA,NA,0.968949681,-1.698970004,0.033423755,1.171433901,0.853698212,4.083390541,1.939019776,0.434147367,1.155122004,1.029789471,3.367241344,0.62324929,0.988558957,3.104429065,0.390935107,1.648262406,0.416640507,1.407220893
"Dredge spoil","Oxidised","Dredge spoil","S 8",84,4,NA,NA,NA,0.33,NA,358.47,393.74,35.27,4946.15,NA,NA,NA,NA,NA,NA,NA,NA,NA,NA,NA,NA,NA,NA,NA,NA,NA,NA,NA,NA,NA,NA,NA,NA,NA,NA,NA,NA,NA,NA,NA,NA,NA,NA,NA,NA,NA,NA,NA,NA,NA,NA,NA,NA,NA,NA,NA,NA,NA,NA,NA,NA,NA,NA,NA,NA,NA,NA,NA,NA,NA,NA,NA,NA,NA,NA,NA,NA,NA
"Dredge spoil","Oxidised","Dredge spoil","S 8",87,4,4.07,348,NA,0.74,NA,339.34,347.88,8.54,5234.62,0.5,NA,12.77,0.01,1.08,NA,17.15,NA,4.24,NA,27477.3,NA,84.47,NA,10.37,NA,NA,12.93,NA,3.81,NA,6.08,8.5,1310.09,3.43,80.41,2.54,NA,31.28,NA,0.416116945,-6.736151911,-2.054020683,0.711016449,-0.686418455,NA,2.305414717,0.207935298,NA,NA,0.428568468,-0.793352535,NA,-0.325977029,0.009084439,5.046869392,-0.898421463,2.256156822,-1.198817644,1.311997191,NA,1.106190897,-2,0.033423755,1.234264124,0.627365857,NA,1.926702494,NA,NA,1.111598525,NA,0.783903579,0.929418926,3.117301132,0.53529412,1.905310062,0.404833717,1.495266744
"Dredge spoil","Oxidised","Dredge spoil","S 8",91,4,NA,NA,NA,1.39,144.94,327.05,357.96,30.91,6023.08,3.26,1.376812161,12.29,0.04,3.81,2.122522204,20.65,11.37978933,6.07,3.455455831,31098.31,20740.02088,71.63,40.7916366,13.32,3.74545421,30.07185148,11.53,12.83373479,5.7,4648.179175,9.86,9.39,990.73,6.57,137.45,2.39,1.052995396,41.59,-2.669003851,-0.479988726,-6.207650474,-1.65114546,0.03894067,-1.185416044,6.951045839,1.282739331,-0.399507984,-1.668231755,0.414814918,-0.543822315,-1.248308475,5.455456197,-0.700288481,-0.749129356,3.909667396,-1.106260817,1.934485565,-2.117481283,0.739085104,0.138874693,1.089551883,-1.397940009,0.580924976,1.314920056,0.783188691,4.316809189,1.855094951,0.573504492,1.478160168,1.061829307,3.667282861,0.993876915,0.972665592,2.995955314,0.81756537,2.138144744,0.378397901,1.61898892
"Dredge spoil","Oxidised","Dredge spoil","S 8",94,4,NA,NA,NA,0.05,NA,314.01,342.59,28.59,5773.08,0.5,NA,4.02,0.06,11.6,NA,17.57,NA,6.95,NA,6998.96,NA,83.83,NA,15.95,NA,NA,8.05,NA,5.22,NA,5.27,9.35,1211.88,9,28.75,2.59,NA,39.14,NA,-0.980107482,-5.184800101,0.079615714,0.494803518,-0.432647725,NA,2.057401554,0.398069445,NA,NA,-0.285717293,-0.718891982,NA,-0.709359022,-0.136013041,4.728538768,-0.174164807,0.987248383,-1.419731508,1.295755578,NA,0.604226053,-1.22184875,1.064457989,1.244771761,0.841984805,NA,1.923399466,NA,NA,0.90579588,NA,0.721810615,0.970811611,3.083459618,0.954242509,1.458637849,0.413299764,1.592620821
"Dredge spoil","Oxidised","Dredge spoil","S 8",97,4,NA,NA,NA,NA,NA,378.51,430.65,52.14,4782.35,NA,NA,NA,NA,NA,NA,NA,NA,NA,NA,NA,NA,NA,NA,NA,NA,NA,NA,NA,NA,NA,NA,NA,NA,NA,NA,NA,NA,NA,NA,NA,NA,NA,NA,NA,NA,NA,NA,NA,NA,NA,NA,NA,NA,NA,NA,NA,NA,NA,NA,NA,NA,NA,NA,NA,NA,NA,NA,NA,NA,NA,NA,NA,NA,NA,NA,NA,NA,NA
"Dredge spoil","Oxidised","Dredge spoil","S 8",100,4,4.18,247,5,NA,NA,NA,NA,NA,5080.77,NA,NA,NA,NA,NA,NA,NA,NA,NA,NA,NA,NA,NA,NA,NA,NA,NA,NA,NA,NA,NA,NA,NA,NA,NA,NA,NA,NA,NA,NA,NA,NA,NA,NA,NA,NA,NA,NA,NA,NA,NA,NA,NA,NA,NA,NA,NA,NA,NA,NA,NA,NA,NA,NA,NA,NA,NA,NA,NA,NA,NA,NA,NA,NA,NA,NA,NA,NA,NA
"Dredge spoil","Oxidised","Dredge spoil","S 8",104,4,NA,NA,NA,0.02,NA,267.85,304.23,36.38,6273.08,NA,NA,NA,NA,NA,NA,NA,NA,NA,NA,NA,NA,NA,NA,NA,NA,NA,NA,NA,NA,NA,NA,NA,NA,NA,NA,NA,NA,NA,NA,NA,NA,NA,NA,NA,NA,NA,NA,NA,NA,NA,NA,NA,NA,NA,NA,NA,NA,NA,NA,NA,NA,NA,NA,NA,NA,NA,NA,NA,NA,NA,NA,NA,NA,NA,NA,NA,NA,NA
"Dredge spoil","Oxidised","Dredge spoil","S 8",107,4,NA,NA,NA,0.61,1025.09,197.72,247.8,50.07,5926.92,3.67,1.560252046,9.16,0.03,9.1,5.7060848,43.83,26.08741471,18.13,12.58708555,50000.27,32859.03493,137.2,83.57127842,10.6,12.09723267,20.79854112,17.7,16.67758759,16.38,32874.73951,6.31,20.09,437.05,4.8,121.42,6.41,1.625278009,63.55,-2.91798504,-1.147986237,-6.869390313,-1.154558002,0.417486098,-0.465264391,7.037149606,1.558607299,-1.001978415,-0.869855695,-0.32794957,-0.489267776,-0.566771338,7.03762743,-1.520696739,-0.362610237,2.717215189,-1.794216498,1.436423194,-1.504973145,0.788994582,0.193194761,0.961895474,-1.522878745,0.959041392,1.641771471,1.258397804,4.516654804,2.137354111,1.082686034,1.318032873,1.247973266,4.51686232,0.800029359,1.302979937,2.640531125,0.681241237,2.084290229,0.80685803,1.803115555
"Dredge spoil","Oxidised","Dredge spoil","S 8",110,4,4.33,283,4.72,NA,NA,NA,NA,NA,5926.92,NA,NA,NA,NA,NA,NA,NA,NA,NA,NA,NA,NA,NA,NA,NA,NA,NA,NA,NA,NA,NA,NA,NA,NA,NA,NA,NA,NA,NA,NA,NA,NA,NA,NA,NA,NA,NA,NA,NA,NA,NA,NA,NA,NA,NA,NA,NA,NA,NA,NA,NA,NA,NA,NA,NA,NA,NA,NA,NA,NA,NA,NA,NA,NA,NA,NA,NA,NA,NA
"Dredge spoil","Oxidised","Dredge spoil","S 8",113,4,NA,NA,NA,0.02,716.97,197.72,247.8,50.07,6027.45,2.12,1.089749621,11.94,0.02,8.01,4.624141463,45.51,25.36711477,18.25,10.93132711,41442.69,26583.02772,97.21,55.14256445,7.29,10.62433891,19.49884205,13.14,13.73007168,15.49,22993.12119,5.9,19.27,501.53,2.54,106.93,9.4,2.178240432,31.27,-3.111156492,-0.717210349,-7.109127462,-1.116413695,0.620827625,-0.292939377,6.990923779,1.37976913,-1.210600911,-0.833956964,-0.226749375,-0.621443444,-0.456909802,6.845845915,-1.422152106,-0.238554974,3.02055897,-2.264940376,1.475069958,-0.956394767,0.245554715,0.037326727,1.077004327,-1.698970004,0.903632516,1.658106836,1.261262869,4.424604444,1.987710943,1.026301916,1.290008821,1.118595365,4.361597928,0.770852012,1.284881715,2.700296916,0.404833717,2.029099567,0.973127854,1.495127881
"Dredge spoil","Oxidised","Dredge spoil","S 8",116,4,NA,NA,NA,0.25,525.73,NA,NA,NA,NA,1.58,NA,17.06,0.01,5.6,3.492972416,35.11,22.75540062,13.58,9.332331656,31036.33,22191.02253,64.88,44.0159906,4.73,8.525873539,20.96092252,8.39,11.28574022,10.99,16860.01171,6.19,16.01,338.95,1.83,99.13,4.36,1.125584163,22.11,NA,NA,NA,NA,NA,NA,NA,NA,NA,NA,NA,NA,NA,NA,NA,NA,NA,NA,NA,NA,NA,NA,1.231979027,-2,0.748188027,1.545430829,1.13289977,4.346177314,1.812110841,0.930738887,1.321410393,0.923761961,4.226857872,0.791690649,1.204391332,2.530135638,0.26245109,1.996205106,0.639486489,1.344588743
"Dredge spoil","Oxidised","Dredge spoil","S 8",119,4,3.94,299,4.54,NA,NA,NA,NA,NA,NA,NA,NA,NA,NA,NA,NA,NA,NA,NA,NA,NA,NA,NA,NA,NA,NA,NA,NA,NA,NA,NA,NA,NA,NA,NA,NA,NA,NA,NA,NA,NA,NA,NA,NA,NA,NA,NA,NA,NA,NA,NA,NA,NA,NA,NA,NA,NA,NA,NA,NA,NA,NA,NA,NA,NA,NA,NA,NA,NA,NA,NA,NA,NA,NA,NA,NA,NA,NA,NA
"Dredge spoil","Oxidised","Dredge spoil","S 8",122,4,4.64,219,3,0.13,NA,NA,NA,NA,NA,2.75,NA,15.46,0.01,5.11,NA,34.26,NA,13.55,NA,29902.51,NA,75.94,NA,3.83,NA,NA,7.94,NA,9.88,NA,6.12,15.29,392.79,2.2,99.52,4.03,NA,31.05,NA,0.446374677,-6.897051552,-0.660681962,1.242097127,0.314505181,NA,2.038062189,-0.949016563,NA,NA,-0.219968091,-0.001368854,NA,-0.480319269,0.435317654,3.681393752,-1.503424006,2.308477263,-0.89811499,1.143717442,NA,1.18920949,-2,0.7084209,1.534787359,1.131939295,NA,1.880470593,NA,NA,0.899820502,NA,0.786751422,1.184407485,2.594160423,0.342422681,1.997910367,0.605305046,1.492061605
"Dredge spoil","Oxidised","Dredge spoil","S 8",125,4,NA,NA,NA,0.04,385.16,NA,NA,NA,6027.45,3.04,1.212054696,15.01,0.01,4.98,2.892212429,36.37,22.50232728,13.78,8.171752814,30841.38,22204.6603,91.65,62.33813904,4.44,8.065029038,29.57758075,9.32,10.21446075,9.81,12352.22585,3.71,14.61,528.44,2.18,96.63,3.64,1.357139337,47.09,-2.774520175,-0.258120545,-7.572007376,-1.361407299,0.626907069,-0.343618925,7.041220279,1.551139784,-1.476182814,-0.879299878,0.420179477,-0.734674562,-0.683434917,6.454754366,-1.655805314,-0.285130965,3.30309208,-2.187512313,1.604052062,-1.674853509,0.885223474,0.083522219,1.176380692,-2,0.697229343,1.560743301,1.139249218,4.346444133,1.962132469,0.906605935,1.470962649,0.969415912,4.091745224,0.56937391,1.164650216,2.722995684,0.338456494,1.98511198,0.561101384,1.67292869
"Dredge spoil","Oxidised","Dredge spoil","S 9",6,8,3.86,NA,1.7,0.08,NA,NA,NA,NA,NA,2.71,NA,4.51,0.01,1.85,NA,13.44,NA,3.29,NA,37613.96,NA,48.23,NA,4.41,NA,NA,5.41,NA,4.34,NA,3.33,5.65,605.64,1.8,40.37,4,NA,161.4,NA,-0.363601733,-6.475069073,-1.254713248,0.728336448,-0.679011322,NA,2.006082347,-0.386024197,NA,NA,-0.181649794,-0.402024539,NA,-0.666926583,-0.138243342,4.536386863,-1.282112222,1.828188048,-0.483604526,3.213986869,NA,0.654176542,-2,0.267171728,1.128399269,0.517195898,NA,1.683317262,NA,NA,0.733197265,NA,0.522444234,0.752048448,2.782214551,0.255272505,1.606058749,0.602059991,2.20790353
"Dredge spoil","Oxidised","Dredge spoil","S 9",10,8,3.87,NA,0.7,0.07,NA,NA,NA,NA,NA,2.65,NA,3.97,0.01,1.92,NA,12.73,NA,2.78,NA,38335.33,NA,46.2,NA,4.43,NA,NA,6.72,NA,4.84,NA,2.58,6.92,614.76,1.97,44.19,1.62,NA,113.87,NA,-0.420181934,-6.404118215,-1.146622843,0.745013383,-0.776497101,NA,2.034031769,-0.310548445,NA,NA,0.106140125,-0.222033308,NA,-0.85115863,0.13546774,4.622283919,-1.120914486,1.98955049,-1.31652188,2.936109418,NA,0.598790507,-2,0.283301229,1.104828404,0.444044796,NA,1.664641976,NA,NA,0.827369273,NA,0.411619706,0.840106094,2.788705602,0.294466226,1.645324002,0.209515015,2.056409321
"Dredge spoil","Oxidised","Dredge spoil","S 9",14,8,NA,NA,NA,0.07,NA,NA,NA,NA,NA,2.37,NA,2.92,0.01,1.26,NA,9.46,NA,2.79,NA,24552.67,NA,40.49,NA,3.38,NA,NA,4.58,NA,3.29,NA,1.79,6.2,559.35,1.22,35.85,1.73,NA,62.69,NA,-0.478429791,-6.155183593,-1.318901686,0.697058976,-0.523971812,NA,2.151041623,-0.332137698,NA,NA,-0.028314409,-0.359125843,NA,-0.967797788,0.274535885,4.776761988,-1.351162549,2.02933016,-1.001891999,2.588188538,NA,0.465382851,-2,0.100370545,0.975891136,0.445604203,NA,1.607347777,NA,NA,0.660865478,NA,0.252853031,0.792391689,2.747683642,0.086359831,1.55448916,0.238046103,1.79719827
"Dredge spoil","Oxidised","Dredge spoil","S 9",20,8,3.84,NA,0.8,0.06,NA,NA,NA,NA,NA,0.91,NA,1.1,NA,0.55,NA,4.55,NA,1.43,NA,13329.75,NA,19.19,NA,1.49,NA,NA,1.74,NA,1.32,NA,0.89,2.79,271.21,0.52,14.27,NA,NA,24.38,NA,NA,NA,NA,NA,NA,NA,NA,NA,NA,NA,NA,NA,NA,NA,NA,NA,NA,NA,NA,NA,NA,0.041392685,NA,-0.259637311,0.658011397,0.155336037,NA,1.283074975,NA,NA,0.240549248,NA,-0.050609993,0.445604203,2.433305699,-0.283996656,1.154423973,NA,1.387033701
"Dredge spoil","Oxidised","Dredge spoil","S 9",25,8,4.02,280,0.13,0.08,NA,NA,NA,NA,NA,1.16,NA,1.17,NA,0.52,NA,3.69,NA,0.2,NA,15211.85,NA,16.5,NA,1.31,NA,NA,1.95,NA,1.2,NA,0.77,2.6,233.46,0.67,12.26,NA,NA,28.35,NA,-0.894457187,NA,-1.705387404,0.254165522,-2.660898849,NA,1.751899445,-0.781433799,NA,NA,-0.383631564,-0.869139379,NA,-1.3128257,-0.095949491,4.40154982,-1.451938503,1.454880994,NA,2.293166094,NA,0.068185862,NA,-0.283996656,0.567026366,-0.698970004,NA,1.217483944,NA,NA,0.290034611,NA,-0.113509275,0.414973348,2.368212481,-0.173925197,1.08849047,NA,1.452553063
"Dredge spoil","Oxidised","Dredge spoil","S 9",28,8,4.05,289,0.74,0.11,NA,NA,NA,NA,NA,0.67,NA,1.1,NA,0.29,NA,2.75,NA,0.27,NA,7611.79,NA,17.16,NA,0.81,NA,NA,1.34,NA,0.68,NA,0.37,2.45,278.86,0.42,5.82,NA,NA,15.63,NA,-0.638554682,NA,-1.971739218,0.27773605,-2.043198182,NA,2.108716232,-0.944585893,NA,NA,-0.441195248,-1.119527343,NA,-1.728117135,0.162223163,4.896845002,-1.601365429,1.0274354,NA,2.015327283,NA,0.041392685,NA,-0.537602002,0.439332694,-0.568636236,NA,1.234517284,NA,NA,0.127104798,NA,-0.431798276,0.389166084,2.445386223,-0.37675071,0.764922985,NA,1.193958978
"Dredge spoil","Oxidised","Dredge spoil","S 9",36,8,4.18,399,0.14,0.05,NA,NA,NA,NA,NA,0.27,NA,1.04,NA,0.28,NA,3.46,NA,0.14,NA,11861.15,NA,21.04,NA,0.83,NA,NA,1.45,NA,0.58,NA,0.18,2.32,341.87,0.4,8.99,NA,NA,12.13,NA,NA,NA,NA,NA,NA,NA,NA,NA,NA,NA,NA,NA,NA,NA,NA,NA,NA,NA,NA,NA,NA,0.017033339,NA,-0.552841969,0.539076099,-0.853871964,NA,1.323045735,NA,NA,0.161368002,NA,-0.744727495,0.365487985,2.533860992,-0.397940009,0.953759692,NA,1.083860801
"Dredge spoil","Oxidised","Dredge spoil","S 9",44,8,4.53,390,0.11,0.11,NA,NA,NA,NA,NA,0.38,NA,1.4,0.01,0.17,NA,2.21,NA,0.4,NA,3416.1,NA,13.24,NA,0.62,NA,NA,0.7,NA,0.54,NA,0.18,1.66,230.25,0.21,6.38,NA,NA,5.36,NA,0.258401448,-4.683240975,-1.850027631,0.714921727,-0.994361521,NA,2.505171762,-0.55610659,NA,NA,-0.434745733,-0.694256928,NA,-1.792869217,0.428746814,5.361094886,-1.638718537,1.775097309,NA,1.600893186,NA,0.146128036,-2,-0.769551079,0.344392274,-0.397940009,NA,1.121887985,NA,NA,-0.15490196,NA,-0.744727495,0.220108088,2.362199639,-0.677780705,0.804820679,NA,0.72916479
"Dredge spoil","Oxidised","Dredge spoil","S 9",49,8,4.79,NA,0.1,NA,NA,NA,NA,NA,NA,NA,NA,NA,NA,NA,NA,NA,NA,NA,NA,NA,NA,NA,NA,NA,NA,NA,NA,NA,NA,NA,NA,NA,NA,NA,NA,NA,NA,9.01,NA,NA,NA,NA,NA,NA,NA,NA,NA,NA,NA,NA,NA,NA,NA,NA,NA,NA,NA,NA,0,NA,NA,NA,NA,NA,NA,NA,NA,NA,NA,NA,NA,NA,NA,NA,NA,NA,NA,0.954724791
"Dredge spoil","Oxidised","Dredge spoil","S 9",54,8,NA,NA,NA,0.17,NA,NA,NA,NA,NA,0.4,NA,1.88,0.01,0.36,NA,4.41,NA,0.84,NA,3301.84,NA,15.95,NA,0.84,NA,NA,0.87,NA,1.09,NA,0.34,3.01,271.38,0.22,7.22,NA,NA,12.05,NA,0.135642772,-5.10079919,-1.517280252,0.988245685,-0.669982392,NA,2.273829825,-0.669982392,NA,NA,-0.634891072,-0.409451308,NA,-1.574438666,0.606311074,5.107891048,-2.009756737,1.481225948,NA,1.993435655,NA,0.274157849,-2,-0.443697499,0.644438589,-0.075720714,NA,1.202760687,NA,NA,-0.060480747,NA,-0.468521083,0.478566496,2.433577838,-0.657577319,0.858537198,NA,1.080987047
"Dredge spoil","Oxidised","Dredge spoil","S 9",59,8,4.02,408,0.57,0.08,NA,NA,NA,NA,NA,0.26,NA,2.27,NA,0.55,NA,6.33,NA,1.58,NA,4901.83,NA,16.47,NA,1.41,NA,NA,0.86,NA,2.09,NA,0.59,5.77,221.53,0.27,6.84,0.11,NA,11.08,NA,NA,NA,NA,NA,NA,NA,NA,NA,NA,NA,NA,NA,NA,NA,NA,NA,NA,NA,NA,NA,NA,0.356025857,NA,-0.259637311,0.80140371,0.198657087,NA,1.216693599,NA,NA,-0.065501549,NA,-0.229147988,0.761175813,2.345432547,-0.568636236,0.835056102,-0.958607315,1.04453976
"Dredge spoil","Oxidised","Dredge spoil","S 9",64,8,NA,NA,NA,0.09,NA,NA,NA,NA,NA,0.27,NA,12.03,0.01,0.61,NA,7.12,NA,1.66,NA,4968,NA,29.06,NA,4.57,NA,NA,1.73,NA,2.07,NA,1.19,4.5,444.72,0.49,6.93,0.49,NA,43.42,NA,1.35754328,-5.735030436,-1.624156572,0.833047475,-0.623042648,NA,2.239502408,0.389652955,NA,NA,-0.581738842,-0.402311643,NA,-0.955906943,0.374217146,4.96758462,-1.843210138,0.805999563,-1.843210138,2.641059914,NA,1.080265627,-2,-0.214670165,0.852479994,0.220108088,NA,1.46329561,NA,NA,0.238046103,NA,0.075546961,0.653212514,2.648086661,-0.30980392,0.840733235,-0.30980392,1.637689819
"Dredge spoil","Oxidised","Dredge spoil","S 9",71,8,4.2,227,3.4,0.08,NA,NA,NA,NA,NA,0.76,NA,10.31,0.02,2.98,NA,15.96,NA,5.27,NA,10940.01,NA,88.22,NA,13.47,NA,NA,6.17,NA,5.38,NA,3.61,10.34,1057.15,4,34.7,1.8,NA,43.42,NA,0.182950745,-6.062186559,-1.058240253,0.619922039,-0.488133191,NA,2.329670142,0.450301437,NA,NA,-0.330464715,-0.467475179,NA,-0.866455781,0.185856316,4.813168334,-0.763869192,1.396576134,-1.562376888,1.620756611,NA,1.013258665,-1.698970004,0.474216264,1.203032887,0.721810615,NA,1.945567053,NA,NA,0.790285164,NA,0.557507202,1.014520539,3.024136614,0.602059991,1.540329475,0.255272505,1.637689819
"Dredge spoil","Oxidised","Dredge spoil","S 10",6,13,4.5,396,0.22,0.59,NA,NA,NA,NA,NA,5.11,NA,11.23,0.02,3.88,NA,24.85,NA,5.22,NA,71540.3,NA,42.53,NA,8.25,NA,NA,10.49,NA,9.95,NA,4.32,9.3,363.08,4.19,79.12,2.36,NA,200.62,NA,0.119350796,-6.211260978,-0.943402819,0.91361978,-0.646740571,NA,1.450971736,-0.189024772,NA,NA,0.05118445,-0.001665422,NA,-0.835982571,-0.069223573,3.595385223,-0.866537239,2.071727715,-1.440576354,3.002174599,NA,1.050379756,-1.698970004,0.588831726,1.395326393,0.717670503,NA,1.628695383,NA,NA,1.020775488,NA,0.635483747,0.968482949,2.560002327,0.622214023,1.898286279,0.372912003,2.302374226
"Dredge spoil","Oxidised","Dredge spoil","S 10",14,13,NA,NA,NA,0.54,NA,NA,NA,NA,NA,3.56,NA,4.85,0.01,1.91,NA,15.52,NA,5.61,NA,30257.68,NA,31.01,NA,4.07,NA,NA,7.65,NA,5.93,NA,1.88,8.46,407.22,2.66,50.63,1.45,NA,95.09,NA,-0.255115476,-6.439264367,-1.186990939,0.908035334,-0.109543461,NA,1.600215552,-0.430451182,NA,NA,0.200611467,-0.054069968,NA,-1.202822404,0.301254993,4.175259399,-0.855768058,2.090450105,-1.462530625,2.720729631,NA,0.685741739,-2,0.281033367,1.190891717,0.748962861,NA,1.491501766,NA,NA,0.883661435,NA,0.274157849,0.927370363,2.6098291,0.424881637,1.704407927,0.161368002,1.978134847
"Dredge spoil","Oxidised","Dredge spoil","S 10",15,13,NA,NA,NA,NA,NA,NA,NA,NA,NA,NA,NA,NA,NA,NA,NA,NA,NA,NA,NA,NA,NA,NA,NA,NA,NA,NA,NA,NA,NA,NA,NA,NA,NA,NA,NA,NA,NA,NA,NA,NA,NA,NA,NA,NA,NA,NA,NA,NA,NA,NA,NA,NA,NA,NA,NA,NA,NA,NA,NA,NA,NA,NA,NA,NA,NA,NA,NA,NA,NA,NA,NA,NA,NA,NA,NA,NA,NA,NA
"Dredge spoil","Oxidised","Dredge spoil","S 10",21,13,4.53,395,0.04,0.31,NA,NA,NA,NA,NA,0.99,NA,1.71,NA,0.44,NA,5.56,NA,0.71,NA,7039.29,NA,20.62,NA,1.12,NA,NA,2.61,NA,1.38,NA,0.42,3.37,332.7,0.72,15,NA,NA,22.21,NA,NA,NA,NA,NA,NA,NA,NA,NA,NA,NA,NA,NA,NA,NA,NA,NA,NA,NA,NA,NA,NA,0.23299611,NA,-0.356547324,0.745074792,-0.148741651,NA,1.314288661,NA,NA,0.416640507,NA,-0.37675071,0.527629901,2.522052801,-0.142667504,1.176091259,NA,1.346548559
"Dredge spoil","Oxidised","Dredge spoil","S 10",25,13,NA,NA,NA,NA,NA,NA,NA,NA,NA,NA,NA,NA,NA,NA,NA,NA,NA,NA,NA,NA,NA,NA,NA,NA,NA,NA,NA,NA,NA,NA,NA,NA,NA,NA,NA,NA,NA,NA,NA,NA,NA,NA,NA,NA,NA,NA,NA,NA,NA,NA,NA,NA,NA,NA,NA,NA,NA,NA,NA,NA,NA,NA,NA,NA,NA,NA,NA,NA,NA,NA,NA,NA,NA,NA,NA,NA,NA,NA
"Dredge spoil","Oxidised","Dredge spoil","S 10",29,13,NA,NA,NA,0.38,NA,NA,NA,NA,NA,NA,NA,1.75,NA,0.27,NA,3.38,NA,2.15,NA,4811.77,NA,32.69,NA,0.73,NA,NA,1.69,NA,0.79,NA,0.24,3.57,511.79,0.33,5.31,0.26,NA,16.78,NA,-0.294544051,NA,-2.163493159,0.363715871,-0.088691996,NA,2.632909382,-1.168870583,NA,NA,-0.32943131,-1.089882172,NA,-2.281276194,0.418405757,5.383754546,-1.962822463,0.815431997,-2.201233487,1.966027862,NA,0.243038049,NA,-0.568636236,0.5289167,0.33243846,NA,1.514414921,NA,NA,0.227886705,NA,-0.619788758,0.552668216,2.709091796,-0.48148606,0.725094521,-0.585026652,1.224791956
"Dredge spoil","Oxidised","Dredge spoil","S 10",33,13,4.4,410,0.08,0.52,NA,NA,NA,NA,NA,0.25,NA,1.75,NA,0.28,NA,4.27,NA,0.36,NA,4721.06,NA,30.77,NA,0.8,NA,NA,1.51,NA,0.76,NA,0.29,3.15,495.19,0.32,6.66,NA,NA,17.81,NA,-0.355284002,NA,-2.187865466,0.536714037,-1.936551037,NA,2.511640399,-1.138043341,NA,NA,-0.502790139,-1.189336636,NA,-2.152774146,0.232502663,5.290041737,-2.054334073,0.981219695,NA,1.964860307,NA,0.243038049,NA,-0.552841969,0.630427875,-0.443697499,NA,1.488127496,NA,NA,0.178976947,NA,-0.537602002,0.498310554,2.694771866,-0.494850022,0.823474229,NA,1.250663919
"Dredge spoil","Oxidised","Dredge spoil","S 11",5,16,4.54,394,0.06,0.46,NA,NA,NA,NA,NA,2.44,NA,13.3,0.02,3.84,NA,29.42,NA,7.53,NA,25236.78,NA,49.01,NA,9.97,NA,NA,12.82,NA,11.9,NA,7.04,11.81,571.26,1.87,69.57,3.14,NA,88.52,NA,0.218698074,-6.281088967,-1.023593595,1.012608754,-0.35017092,NA,1.522958398,-0.069485377,NA,NA,0.18194049,0.107472439,NA,-0.417457791,0.099880669,3.978778486,-1.74312753,1.873267479,-1.224843161,2.114162554,NA,1.123851641,-1.698970004,0.584331224,1.468642668,0.876794976,NA,1.690284703,NA,NA,1.107888025,NA,0.847572659,1.072249898,2.756833816,0.271841607,1.842422003,0.496929648,1.947041405
"Dredge spoil","Oxidised","Dredge spoil","S 11",15,16,NA,NA,NA,0.2,NA,NA,NA,NA,NA,2.72,NA,16.82,NA,4.72,NA,40.47,NA,8.2,NA,29621.88,NA,59.71,NA,3.06,NA,NA,7.9,NA,9.46,NA,3.8,17.75,663.02,2.19,90.43,3.61,NA,67.44,NA,NA,NA,NA,NA,NA,NA,NA,NA,NA,NA,NA,NA,NA,NA,NA,NA,NA,NA,NA,NA,NA,1.225825991,NA,0.673941999,1.607133204,0.913813852,NA,1.776047071,NA,NA,0.897627091,NA,0.579783597,1.249198357,2.821526629,0.340444115,1.956312531,0.557507202,1.828917562
"Dredge spoil","Oxidised","Dredge spoil","S 11",28,16,NA,NA,NA,0.38,NA,NA,NA,NA,NA,6.9,NA,19.17,0.03,9.83,NA,38.16,NA,12.73,NA,104175.16,NA,59.3,NA,10.98,NA,NA,14.76,NA,17.33,NA,6.04,15.62,430.02,8.71,113.27,4.62,NA,361.65,NA,0.149151111,-6.310753343,-0.518756512,0.837592401,-0.260234033,NA,1.27841386,-0.40812001,NA,NA,-0.112274627,0.048243658,NA,-1.005791434,-0.055643301,3.259636273,-0.639723655,1.925578903,-1.273800741,3.086481448,NA,1.282622113,-1.522878745,0.992553518,1.581608366,1.104828404,NA,1.773054693,NA,NA,1.169086357,NA,0.781036939,1.19368103,2.633488655,0.940018155,2.054114901,0.664641976,2.558288469
"Dredge spoil","Oxidised","Dredge spoil","S 11",33,16,4.12,408,0.18,0.29,NA,NA,NA,NA,NA,NA,NA,NA,NA,NA,NA,NA,NA,NA,NA,NA,NA,NA,NA,NA,NA,NA,NA,NA,NA,NA,NA,NA,NA,NA,NA,NA,NA,NA,NA,NA,NA,NA,NA,NA,NA,NA,NA,NA,NA,NA,NA,NA,NA,NA,NA,NA,NA,NA,NA,NA,NA,NA,NA,NA,NA,NA,NA,NA,NA,NA,NA,NA,NA,NA,NA,NA,NA,NA
"Dredge spoil","Oxidised","Dredge spoil","S 11",39,16,4.02,405,0.2,NA,NA,NA,NA,NA,NA,NA,NA,1.43,NA,0.32,NA,3.96,NA,0.54,NA,2574.92,NA,33.19,NA,0.57,NA,NA,1.28,NA,0.74,NA,0.29,3.38,503.94,0.2,3.17,0.34,NA,18.94,NA,NA,NA,NA,NA,NA,NA,NA,NA,NA,NA,NA,NA,NA,NA,NA,NA,NA,NA,NA,NA,NA,0.155336037,NA,-0.494850022,0.597695186,-0.26760624,NA,1.521007252,NA,NA,0.10720997,NA,-0.537602002,0.5289167,2.702378832,-0.698970004,0.501059262,-0.468521083,1.277379975
"Dredge spoil","Oxidised","Dredge spoil","S 11",45,16,4.12,408,0.21,NA,NA,NA,NA,NA,NA,0.25,NA,1.54,0.01,0.3,NA,2.73,NA,0.3,NA,3029.5,NA,17.03,NA,0.71,NA,NA,0.94,NA,0.71,NA,0.18,2.17,277.54,0.18,3.88,NA,NA,11.65,NA,0.212227389,-4.824725214,-1.423527832,0.784746581,-1.423527832,NA,2.615421467,-0.562045337,NA,NA,-0.281430431,-0.562045337,NA,-1.934353456,0.55517214,5.406410039,-1.934353456,1.136280126,NA,2.235751152,NA,0.187520721,-2,-0.522878745,0.436162647,-0.522878745,NA,1.231214648,NA,NA,-0.026872146,NA,-0.744727495,0.336459734,2.443325584,-0.744727495,0.588831726,NA,1.066325925
"Dredge spoil","Oxidised","Dredge spoil","S 11",51,16,NA,NA,NA,0.17,NA,NA,NA,NA,NA,0.51,NA,1.97,NA,0.57,NA,5.08,NA,0.44,NA,5158.24,NA,26.58,NA,1.68,NA,NA,1.41,NA,1.42,NA,0.34,2.31,402.33,0.2,8.46,0.32,NA,12.13,NA,NA,NA,NA,NA,NA,NA,NA,NA,NA,NA,NA,NA,NA,NA,NA,NA,NA,NA,NA,NA,NA,0.294466226,NA,-0.244125144,0.705863712,-0.356547324,NA,1.424554977,NA,NA,0.149219113,NA,-0.468521083,0.36361198,2.604582417,-0.698970004,0.927370363,-0.494850022,1.083860801
"Dredge spoil","Oxidised","Dredge spoil","S 11",57,16,3.99,412,0.26,NA,NA,NA,NA,NA,NA,0.06,NA,2.23,0.01,0.65,NA,5.1,NA,1.29,NA,3206.98,NA,19.02,NA,1.66,NA,NA,1.28,NA,1.69,NA,0.38,2.66,334.85,0.21,5.72,NA,NA,14.33,NA,0.099072947,-5.308098824,-1.133711554,0.926311901,-0.44828642,NA,2.242562419,-0.196111036,NA,NA,-0.45606856,-0.178200109,NA,-1.670512665,0.275397485,5.110754032,-2.263576387,1.041040167,NA,1.959426604,NA,0.348304863,-2,-0.187086643,0.707570176,0.11058971,NA,1.279210513,NA,NA,0.10720997,NA,-0.420216403,0.424881637,2.524850303,-0.677780705,0.757396029,NA,1.15624619
"Dredge spoil","Oxidised","Dredge spoil","S 12",2,50,4.05,434,0.31,NA,NA,NA,NA,NA,NA,NA,NA,NA,NA,NA,NA,NA,NA,NA,NA,NA,NA,NA,NA,NA,NA,NA,NA,NA,NA,NA,NA,NA,NA,NA,NA,NA,NA,NA,NA,NA,NA,NA,NA,NA,NA,NA,NA,NA,NA,NA,NA,NA,NA,NA,NA,NA,NA,NA,NA,NA,NA,NA,NA,NA,NA,NA,NA,NA,NA,NA,NA,NA,NA,NA,NA,NA,NA,NA
"Dredge spoil","Oxidised","Dredge spoil","S 12",4,50,3.73,419,0.32,0.39,1.834248891,NA,NA,NA,NA,NA,NA,1.43,NA,0.35,NA,3.65,2.100809925,1.38,0.104570385,2799.09,2057.183199,25.24,23.81210375,0.93,0.640136275,6.891223168,1.41,0.5504591,0.8,58.82436192,0.19,2.66,460.07,0.22,3.59,NA,0.200271424,15.96,NA,NA,NA,NA,NA,NA,NA,NA,NA,NA,NA,NA,NA,NA,NA,NA,NA,NA,NA,NA,NA,NA,0.155336037,NA,-0.455931956,0.562292864,0.139879086,3.313272969,1.402089351,-0.193727562,0.838296315,0.149219113,1.769557225,-0.721246399,0.424881637,2.662823915,-0.657577319,0.555094449,NA,1.203032887
"Dredge spoil","Oxidised","Dredge spoil","S 12",8.5,50,3.71,432,0.31,0.18,56.04748781,NA,NA,NA,NA,1.78,0.671698294,12.81,0.01,3.5,1.652169723,23.6,14.68196606,7.06,4.620596575,19418.5,13477.81353,53.73,35.85321993,6.73,7.487753133,29.30228998,8.94,10.18317139,9.74,1797.442934,4.85,10.66,761.99,1.82,58.26,1.67,1.515673147,37.47,-3.066911245,-0.118739123,-7.274135425,-1.41620227,0.492281473,-0.714520187,6.839834932,1.315006266,-0.762390095,-0.655696468,0.708700431,-0.478429649,-0.392724121,4.825155103,-1.089986534,-0.30246682,3.966968194,-2.070128737,1.395950513,-2.156141612,0.954575374,-0.172825755,1.10754913,-2,0.544068044,1.372912003,0.848804701,4.129619443,1.730216841,0.874351518,1.466901562,0.951337519,3.254655111,0.685741739,1.027757205,2.881949272,0.260071388,1.76537048,0.222716471,1.573683693
"Dredge spoil","Oxidised","Dredge spoil","S 12",10.5,50,3.8,424,0.16,0.33,NA,NA,NA,NA,NA,NA,NA,NA,NA,NA,NA,NA,NA,NA,NA,NA,NA,NA,NA,NA,NA,NA,NA,NA,NA,NA,NA,NA,NA,NA,NA,NA,NA,NA,NA,NA,NA,NA,NA,NA,NA,NA,NA,NA,NA,NA,NA,NA,NA,NA,NA,NA,NA,NA,NA,NA,NA,NA,NA,NA,NA,NA,NA,NA,NA,NA,NA,NA,NA,NA,NA,NA,NA,NA
"Dredge spoil","Oxidised","Dredge spoil","S 12",11.5,50,NA,NA,NA,0.24,NA,NA,NA,NA,NA,0.78,NA,11.45,0.02,2.26,NA,17.5,NA,6.12,NA,17626.56,NA,62.13,NA,8.97,NA,NA,7.48,NA,6.96,NA,11.62,10.14,895.41,1.4,40.85,1.09,NA,32.72,NA,0.345635846,-6.00437689,-1.276989071,0.769846996,-0.280791788,NA,2.03687508,0.101531792,NA,NA,-0.080121092,-0.15217441,NA,0.360373867,0.224134114,4.704927829,-1.755881648,1.617552937,-2.006176188,1.395632627,NA,1.058805487,-1.698970004,0.354108439,1.243038049,0.786751422,NA,1.793301354,NA,NA,0.873901598,NA,1.065206128,1.006037955,2.95202194,0.146128036,1.611192061,0.037426498,1.514813295
"Dredge spoil","Oxidised","Dredge spoil","S 12",13.5,50,3.71,422,0.23,0.35,75.68162536,NA,NA,NA,NA,1.36,1.686225575,13.17,0.02,2.04,1.174091884,17.14,10.72750155,5.4,3.274252634,17231.78,12144.01114,63.97,40.86919106,10.5,3.110991382,25.87828627,7.65,9.402738822,6.76,2427.109725,7.49,7.16,876.52,1.19,43.39,2.22,1.120305309,30.7,-2.115415777,-0.059966905,-6.549931426,-1.924958613,0.203506493,-0.951509467,6.766682996,1.520505803,-0.286533163,-1.502966973,0.615495828,-0.603202773,-0.726885531,5.156547994,-0.624339623,-0.66939844,4.138051101,-2.463955114,1.132320579,-1.840401225,0.786354234,0.226915672,1.119585775,-1.698970004,0.309630167,1.234010818,0.73239376,4.084362157,1.805976351,0.492898808,1.412935513,0.883661435,3.38508941,0.874481818,0.854913022,2.94276183,0.075546961,1.63738965,0.346352974,1.487138375
"Dredge spoil","Oxidised","Dredge spoil","S 12",20,50,3.67,447,0.25,0.29,128.7425711,NA,NA,NA,NA,0.68,NA,9.1,0.01,1.47,0.450093473,12.97,7.449113296,2.17,1.604454807,20668.35,14240.89874,49.28,31.93020705,8.24,2.517445423,22.7749582,6.8,7.130038325,7.51,4128.774256,10.61,5.16,699.51,0.79,41.07,0.99,1.527344269,27.16,NA,NA,NA,NA,NA,NA,NA,NA,NA,NA,NA,NA,NA,NA,NA,NA,NA,NA,NA,NA,NA,NA,0.959041392,-2,0.167317335,1.112939976,0.336459734,4.153537398,1.692670699,0.400960064,1.357457589,0.832508913,3.615821138,1.025715384,0.712649702,2.844793927,-0.102372909,1.613524703,-0.004364805,1.433929766
"Dredge spoil","Oxidised","Dredge spoil","S 12",23,50,3.63,422,0.25,NA,NA,NA,NA,NA,NA,NA,NA,NA,NA,NA,NA,NA,NA,NA,NA,NA,NA,NA,NA,NA,NA,NA,NA,NA,NA,NA,NA,NA,NA,NA,NA,NA,NA,NA,NA,NA,NA,NA,NA,NA,NA,NA,NA,NA,NA,NA,NA,NA,NA,NA,NA,NA,NA,NA,NA,NA,NA,NA,NA,NA,NA,NA,NA,NA,NA,NA,NA,NA,NA,NA,NA,NA,NA,NA
"Dredge spoil","Oxidised","Dredge spoil","S 12",24,50,NA,NA,NA,0.11,NA,NA,NA,NA,NA,3.58,NA,12.52,0.04,2.64,NA,28.92,NA,6.86,NA,21735.15,NA,65.42,NA,22.72,NA,NA,10.39,NA,10.94,NA,9.5,10.09,899.93,2.87,51.07,2.55,NA,61.68,NA,0.08873171,-5.65747148,-1.467816738,0.925937742,-0.512888214,NA,1.742232367,0.684649938,NA,NA,-0.09775185,-0.046169859,NA,-0.187303857,-0.127050821,4.363721327,-1.384283626,1.494601585,-1.502502296,1.683364074,NA,1.097604329,-1.397940009,0.421603927,1.461198289,0.836324116,NA,1.81571054,NA,NA,1.016615548,NA,0.977723605,1.003891166,2.95420873,0.457881897,1.708165858,0.40654018,1.790144365
"Dredge spoil","Oxidised","Dredge spoil","S 12",26,50,3.68,430,0.21,0.29,NA,NA,NA,NA,NA,NA,NA,NA,NA,NA,NA,NA,NA,NA,NA,NA,NA,NA,NA,NA,NA,NA,NA,NA,NA,NA,NA,NA,NA,NA,NA,NA,NA,NA,NA,NA,NA,NA,NA,NA,NA,NA,NA,NA,NA,NA,NA,NA,NA,NA,NA,NA,NA,NA,NA,NA,NA,NA,NA,NA,NA,NA,NA,NA,NA,NA,NA,NA,NA,NA,NA,NA,NA,NA
"Dredge spoil","Oxidised","Dredge spoil","S 12",28,50,3.8,387,0.15,0.27,9.146846379,NA,NA,NA,NA,3.86,0.644591639,2.29,0.01,0.81,NA,10.62,5.822805133,4.36,1.427824014,24034.42,16685.42488,16.49,11.12008793,3.25,1.928709502,46.73890856,2.84,4.003174958,1.74,293.3393634,0.52,6.93,225.75,1.81,34.59,0.83,NA,42.95,-2.310797371,-1.043107273,-6.476829277,-2.082380122,0.491079925,-0.399187033,7.850631765,0.931095046,-0.693004094,-1.214807963,1.972917887,-0.827855038,-1.317773977,3.809671085,-2.525585558,0.064200723,3.547769102,-1.278332245,1.671905532,-2.057988669,1.888377558,-0.190715332,0.359835482,-2,-0.091514981,1.026124517,0.639486489,4.22233727,1.217220656,0.28526682,1.669678567,0.45331834,2.467370345,-0.283996656,0.840733235,2.353627759,0.257678575,1.538950562,-0.080921908,1.632963168
"Dredge spoil","Oxidised","Dredge spoil","S 12",29,50,NA,NA,NA,0.13,NA,NA,NA,NA,NA,NA,NA,NA,NA,NA,NA,NA,NA,NA,NA,NA,NA,NA,NA,NA,NA,NA,NA,NA,NA,NA,NA,NA,NA,NA,NA,NA,NA,NA,NA,NA,NA,NA,NA,NA,NA,NA,NA,NA,NA,NA,NA,NA,NA,NA,NA,NA,NA,NA,NA,NA,NA,NA,NA,NA,NA,NA,NA,NA,NA,NA,NA,NA,NA,NA,NA,NA,NA,NA
"Dredge spoil","Oxidised","Dredge spoil","S 12",31,50,4.04,411,0.1,0.5,3.676010882,NA,NA,NA,NA,1.92,NA,1.88,0.01,0.62,NA,6.59,5.212749287,4.19,0.727816317,7472.38,5727.123622,19.82,16.86679355,2.25,2.550193418,19.77435638,2.01,1.52426514,1.34,117.889669,0.35,4.06,329.2,1.16,20.01,3.77,0.176960381,20.78,NA,NA,NA,NA,NA,NA,NA,NA,NA,NA,NA,NA,NA,NA,NA,NA,NA,NA,NA,NA,NA,NA,0.274157849,-2,-0.207608311,0.818885415,0.622214023,3.757936558,1.29710365,0.406573121,1.296102357,0.303196057,2.071475748,-0.455931956,0.608526034,2.517459827,0.064457989,1.301247089,0.57634135,1.317645543
"Dredge spoil","Oxidised","Dredge spoil","S 12",33,50,4.22,368,0.09,0.37,NA,NA,NA,NA,NA,0.73,NA,1.09,0.01,0.42,NA,4.72,NA,NA,NA,3674.97,NA,12.51,NA,1.37,NA,NA,0.96,NA,0.86,NA,0.09,1.84,213.17,0.62,12.67,4.99,NA,9.12,NA,NA,NA,NA,NA,NA,NA,NA,NA,NA,NA,NA,NA,NA,NA,NA,NA,NA,NA,NA,NA,NA,0.037426498,-2,-0.37675071,0.673941999,NA,NA,1.09725731,NA,NA,-0.017728767,NA,-1.045757491,0.264817823,2.328726085,-0.207608311,1.102776615,0.698100546,0.959994838
"Dredge spoil","Oxidised","Dredge spoil","S 12",35,50,NA,NA,NA,0.46,NA,NA,NA,NA,NA,NA,NA,NA,NA,NA,NA,NA,NA,NA,NA,NA,NA,NA,NA,NA,NA,NA,NA,NA,NA,NA,NA,NA,NA,NA,NA,NA,NA,NA,NA,NA,NA,NA,NA,NA,NA,NA,NA,NA,NA,NA,NA,NA,NA,NA,NA,NA,NA,NA,NA,NA,NA,NA,NA,NA,NA,NA,NA,NA,NA,NA,NA,NA,NA,NA,NA,NA,NA,NA
"Dredge spoil","Oxidised","Dredge spoil","S 12",39,50,4.55,339,0.06,0.41,1.084248809,NA,NA,NA,NA,1.23,NA,6.96,0.01,0.61,NA,8.62,2.139199985,2.03,NA,5772.23,1914.184183,9.32,11.37185323,1.74,2.108561302,6.498078516,2.58,1.116971449,1.4,34.77185931,0.47,4.39,148.13,1,21.91,1.19,NA,21.82,NA,NA,NA,NA,NA,NA,NA,NA,NA,NA,NA,NA,NA,NA,NA,NA,NA,NA,NA,NA,NA,NA,0.84260924,-2,-0.214670165,0.935507266,0.307496038,3.281983723,0.969415912,0.323986232,0.812784955,0.411619706,1.541227914,-0.327902142,0.64246452,2.170643023,0,1.340642378,0.075546961,1.338854746
