Type,Site,Depth.cm,Distance  m,pH,Eh mV,EC mScm,AVS umolg,TotalS.oes.umolg,Porewater FeII mgL ,Porewater total Fe II mgL,Porewater FeIII mgL,Pore-water sulfate mgL,As.oes  ,Co.oes   ,Cr.oes   ,Cu.oes   ,Fe.oes   ,Mn.oes   ,Ni.oes   ,P.oes   ,Pb.oes  ,S.oes   ,Zn.oes   ,Ti.ms,V.ms,Cr.ms,Mn.ms,Fe.ms,Co.ms,Cu.ms,Zn.ms,As.ms,Rb.ms,Sr.ms,Mo.ms,Cd.ms,Ba.ms,Pb.ms,Bi.ms,Th.ms,U.ms
Sediment,S 1,2.5,2,5.65,-92,NA,NA,399.76,1.22,1.91,0.68,7904.08,7.764225119,3.869614117,18.26087542,6.499796316,67293.76108,47.25916075,9.349455346,130.8962365,15.70197393,12820.45694,6.268785711,307.81,66.58,28.44,68.56,80659.49,6.51,10,11.43,5.24,12.4,205.78,15.58,0.08,26.26,15.98,0.03,16.66,12.84
Sediment,S 1,7.5,2,6.01,-7,12.2,87.14,532.48,1.6,2,0.4,6689.8,8.75836291,7.079880798,29.49922388,11.09828646,80589.57948,51.54603028,15.50427547,218.8239524,24.71961688,17076.69496,5.260781974,350.45,98.25,40.77,68.5,85941.41,9.45,13.24,10.5,7.93,18.4,279.21,17.07,0.12,38.19,23.3,0.05,27.42,13.05
Sediment,S 1,12.5,2,5.74,100,14.92,94.85,469.38,42.91,44.13,1.22,6213.73,7.812470487,10.40452392,30.34492221,11.15655984,55736.6468,48.52678259,16.56969232,231.2520875,28.2861994,15053.17531,4.839073407,394.34,108.07,45,67.54,67387.61,13.9,14.94,10.16,7.64,20.61,265.11,18.46,0.11,40.47,28.64,0.07,27.11,14.44
Sediment,S 1,17.5,2,5.5,-42,NA,55.46,254.29,152.26,200.77,48.51,5243.14,4.736753232,5.595851259,19.90141044,6.662421078,34185.64669,39.67516853,9.960074879,117.1568783,18.0248432,8155.025826,2.410248491,406.4,63.55,25.12,48.48,38822.88,8.14,7.7,5.32,4.9,12.65,110.13,10.11,0.07,22.93,17.11,0.04,16.86,7.97
Sediment,S 1,22.5,2,5.44,120,18.42,31.47,160.34,140.36,196.76,56.39,6105.88,0.648699666,3.417048162,11.46659357,3.526505925,19309.56167,27.65060219,5.776249705,78.30184296,7.157283755,5141.997915,1.008677628,251.79,32.58,13.19,29.32,21200.24,4.68,3.41,2.47,2.08,6.8,48.31,5.23,0.03,11.46,7.29,0.02,8.52,4.23
Sediment,S 1,27.5,2,5.15,NA,NA,52.21,299.87,NA,NA,NA,NA,1.982432355,4.087466136,19.98588054,6.611697196,33817.37123,46.70916229,10.87987567,155.9289922,15.56942712,9616.689439,3.910980916,328.81,62.64,25.73,62.4,39191.47,6.61,8.88,7.96,4.96,13.29,122.36,12.42,0.06,25.49,15.4,0.05,17.04,8.67
Sediment,S 2,2.5,58,7.58,-60,30.5,26.95,104.53,1.28,2.03,0.75,8689.8,0.47378009,0.646955451,6.95938118,1.614495938,7872.561811,22.26776269,2.459689693,24.51154148,2.919218433,3352.14701,1.421847942,149.18,29.26,7.7,32.3,10325.94,1.8,1.56,1.53,2.38,3.31,25.2,4.94,0.03,5.18,2.93,0.01,4.68,0.83
Sediment,S 2,7.5,58,7.65,-71,NA,40.16,216.53,1.39,2.2,0.81,7822.45,2.475225058,1.831896925,8.440682146,2.725208171,12224.14987,68.70128779,3.954178701,77.2678693,5.279036385,6944.201211,5.092235627,187.64,43.95,15,139.38,19181.71,4.23,4.09,9.02,5.03,5.46,95.06,4.73,0.02,12.16,5.89,0.02,8.38,2.51
Sediment,S 2,12.5,58,7.62,-80,52.6,101.83,837.83,1.51,2.4,0.89,7914.29,2.664734409,6.719875566,12.98157088,5.513267377,29468.33242,128.6206129,7.605038634,244.9576385,9.705135794,26869.11531,15.19673678,274.34,48.61,19,158.89,37996.34,9.41,7.83,22.03,4.02,7.85,243.47,10.85,0.13,14.26,9.01,0.02,10.18,5.71
Sediment,S 2,17.5,58,7.75,-101,NA,277.8,1076.47,1.59,2.89,1.3,6363.27,4.433221541,15.90100062,10.15930537,5.412561815,47385.79367,543.3097583,13.02416309,639.3091882,8.916764509,34522.43848,16.73084171,208.66,41.31,15.59,706.95,61169.9,23.49,8.78,23.16,4.03,6.95,214.16,11.21,0.26,13.28,8.3,0.02,9.02,9.06
Sediment,S 2,22.5,58,7.49,-76,34.5,214.05,1985.36,1.47,2.6,1.13,7853.06,1.898448946,5.180175674,13.6771452,5.128365977,53937.55698,179.5455879,7.913116983,236.6805149,10.9701351,63670.6333,7.73401067,410.93,48.03,22.53,249.47,73537.26,8.89,9.99,12.75,6.31,10.13,500.37,13.3,0.08,19.44,10.88,0.02,12.16,11.84
Sediment,S 2,27.5,58,6.87,-90,36.3,122.85,2192.56,1.27,1.98,0.71,8526.53,4.671025267,5.636029076,16.76045552,5.751770541,40689.75349,35.47669876,8.819900015,149.3029116,12.27085916,70315.25769,5.553461272,443.12,51.57,23.35,45.02,49248.06,8.74,8.67,8.03,5.97,10.5,461.23,10.21,0.07,19.95,11.62,0.04,12.36,7.15
Sediment,S 3,2.5,82,6.53,29,75.9,136.25,947.59,NA,NA,NA,NA,5.926649955,9.002461295,9.786206544,4.793751051,29601.31123,88.90265522,10.08761327,258.8263367,9.290751529,30389.2026,13.13147525,199.36,30.45,13.73,113.3,37506.67,13.26,6.24,18.27,4.8,6.26,242.63,8.47,0.13,11.89,6.95,0.02,6.78,9.19
Sediment,S 3,7.5,82,6.07,142,NA,7.59,201.58,1.09,1.74,0.65,10771.43,3.124480786,7.045681318,19.01922437,7.531424964,18695.38206,36.73587549,9.70326717,159.021467,19.97940453,6464.654505,4.994715587,525.46,84.17,31.54,61.07,28308.03,12.93,10.75,9.64,4.49,14.09,106.15,12.32,0.11,28.05,23.34,0.04,19.03,9.13
Sediment,S 3,12.5,82,5.84,193,NA,0.44,236.19,NA,NA,NA,NA,6.187050231,1.651824028,26.16842212,3.763915397,35562.51406,53.67676118,7.725187936,27.14126917,20.74702127,7574.56823,1.489255124,539.13,100.02,32.11,63.29,41450.24,2.67,5.99,3.44,6.8,21.13,19.07,12.29,0.03,14.33,19.48,0.04,18.91,1.39
Sediment,S 3,17.5,82,3.98,303,15.01,NA,335.7,NA,NA,NA,NA,7.287288336,2.190531439,28.11579975,4.962147674,46026.16908,50.6074654,7.344191137,25.57466916,26.69858814,10765.89107,1.307949699,424.34,126.34,39.02,62.86,57087.53,3.13,7.39,3.63,6.92,22.42,18.25,9.38,0.03,15.4,28.26,0.05,19.55,1.33
Sediment,S 3,22.5,82,4.1,295,NA,0.81,406.19,NA,NA,NA,NA,6.860101598,2.493713095,31.12219028,5.794375127,56911.05643,59.47994593,7.872652524,25.3087692,24.36985898,13026.44382,1.100383744,445.21,158.2,42.76,77.7,68633.84,3.31,8.64,4.14,7.5,23.4,18.22,9.42,0.01,15.63,24.56,0.05,22.84,1.39
Sediment,S 3,27.5,82,5.46,173,NA,0.38,535.61,NA,NA,NA,NA,5.628053334,5.215170167,28.207872,15.07825448,47051.00162,101.2489132,8.539386754,29.78712571,19.32161689,17176.85295,1.95055332,476.53,133.7,41.85,134.84,61207.24,8.02,21.35,4.78,7.23,24.98,41.23,9.49,0.02,15.09,20.42,0.07,24.75,2.1
Sediment,S 4,2.5,204,7.34,-59,61.8,257.81,1007.74,1.35,2.23,0.88,13026.53,3.256745925,13.62717624,7.82599711,5.181842519,25386.53673,113.7050332,10.86791545,465.1138887,6.11126718,32318.35079,12.79973678,141.66,27.38,11.72,153.77,32609.25,19.84,6.9,17.33,3.95,5.84,204.6,11.72,0.22,9.58,5.95,0.01,5.67,6.41
Sediment,S 4,7.5,204,7.14,-30,69.1,218.01,1268.13,1.47,2.34,0.88,14148.98,4.13974206,15.61707415,8.920829096,5.67645299,34808.06957,219.3199391,12.56555143,541.6012241,7.118512082,40668.82909,9.347736452,158.6,32.71,14.5,309.62,48352.06,23.54,8.26,13.73,6.47,7.4,188.81,21.11,0.26,12.2,8.85,0.01,7.96,9.4
Sediment,S 4,12.5,204,7.35,-51,55,101.44,1752.62,1.67,2.65,0.98,12271.43,8.975654622,18.0252078,11.97658267,8.859559921,51309.18744,277.5331529,14.3067087,842.8495248,11.05130451,56206.6693,16.5190497,218.71,45.58,20,397.98,69012.03,27.9,13.45,23.25,7.22,9.11,228.61,15.2,0.29,27.26,9.88,0.02,8.44,12.03
Sediment,S 4,17.5,204,7.39,11,NA,71.16,1375.29,1.67,3.05,1.38,7893.88,8.339924989,26.08360918,16.20511639,12.78387503,40631.73221,146.8578874,18.12087517,1570.13287,15.19835118,44105.70354,21.35349591,251.97,61.67,27.13,213.1,57153.45,39.7,18.13,33.06,7.25,12.63,320.2,15.38,0.42,49.21,13.67,0.03,12.7,18.25
Sediment,S 4,22.5,204,7.12,145,NA,12.26,1281.62,NA,NA,NA,NA,8.102471666,19.65850733,17.94531802,13.04111286,40700.5011,167.4864573,15.58889269,1101.735818,16.5522892,41101.44599,16.34139893,277.06,74.51,28.71,240.15,55809.64,30.29,19.48,27.43,7.72,14.5,331.31,17.27,0.43,53.81,16.83,0.03,15.26,18.05
Sediment,S 4,27.5,204,NA,187,35,1.55,2208.53,NA,NA,NA,NA,17.2813513,17.25953363,12.43247925,9.452117516,87108.69132,159.2951451,14.38667146,955.5781983,21.40479774,70827.44612,19.55121134,212.38,107.83,21.49,234.99,107721.56,24.51,15.75,31.37,15.7,10.58,367,24.11,0.53,22.95,22.83,0.03,11.26,19.94
Sediment,S 5,2.5,287,7.47,-101,38.5,54.63,NA,1.93,3.21,1.28,NA,NA,NA,NA,NA,NA,NA,NA,NA,NA,NA,NA,297.7,29.98,14.9,75.66,17842.42,12.95,8.96,17.55,3.34,6.86,663.16,11.34,0.28,10.37,6.11,0.01,5.18,3.11
Sediment,S 5,7.5,287,7.31,-60,55.9,143.27,NA,1.52,2.91,1.39,NA,NA,NA,NA,NA,NA,NA,NA,NA,NA,NA,NA,217.08,40.25,20.46,102.94,25336.34,15.49,8.56,22.99,3.52,8.59,167.54,12.62,0.35,10.9,7.15,0.02,6.73,3.58
Sediment,S 5,12.5,287,7.3,-92,NA,102.8,792.5,1.57,2.86,1.29,12761.22,6.423100907,14.13444528,10.11746753,6.590972228,22928.16788,116.7860239,14.12616793,537.3592258,7.730217464,25415.43216,17.38134377,184.97,36.38,14.26,151.22,29733.4,21.49,7.46,23.03,3.58,7.7,172.96,16.63,0.29,12.3,7.26,0.01,6.79,5.68
Sediment,S 5,17.5,287,7.38,-56,50.9,112.19,728.02,1.52,3.17,1.65,12730.61,2.06722347,9.93774861,12.84299585,7.439077765,17910.60555,74.07959373,9.906592944,504.3490864,7.371213584,23347.71412,18.1377878,206.52,40.77,19.17,100.53,24981.26,15.1,9.23,22.22,3.44,9.13,175.53,12.49,0.36,11.96,7.57,0.02,7.67,3.57
Sediment,S 5,22.5,287,7.51,49,NA,157.51,1394.66,1.43,2.32,0.9,10557.14,2.684645629,14.58234206,15.27833998,7.161189055,39976.37478,195.6875247,13.09137125,623.2026317,8.468315164,44726.90135,13.32929858,215.9,36.28,17.62,261.54,51052.93,20.91,9.38,17.85,5.35,8.17,208,12.15,0.2,21.47,8.64,0.02,8.12,7.79
Dredge spoil,S 6,7,2,4.75,305,0.05,0.36,23.17,NA,NA,NA,NA,0,0,3.972976374,0.800487043,3155.346215,30.43959612,4.563647493,20.11050327,2.53788103,743.2026332,0.860110595,1059.27,4.97,4.4,64.05,3911.97,0.7,3.75,2.02,NA,1.45,7.35,1.58,0,7.47,2.22,0,3.46,0.58
Dredge spoil,S 6,10,2,4.65,304,0.02,NA,NA,NA,NA,NA,NA,NA,NA,NA,NA,NA,NA,NA,NA,NA,NA,NA,NA,NA,NA,NA,NA,NA,NA,NA,NA,NA,NA,NA,NA,NA,NA,NA,NA,NA
Dredge spoil,S 6,18,2,4.82,250,0.2,0.23,NA,NA,NA,NA,NA,NA,NA,NA,NA,NA,NA,NA,NA,NA,NA,NA,327.18,NA,1.57,18.4,1314.04,0.18,NA,6.71,NA,0.53,0.37,0.58,0,1.89,0.92,0,1.6,0.25
Dredge spoil,S 6,20,2,4.65,305,0.03,NA,NA,NA,NA,NA,NA,NA,NA,NA,NA,NA,NA,NA,NA,NA,NA,NA,NA,NA,NA,NA,NA,NA,NA,NA,NA,NA,NA,NA,NA,NA,NA,NA,NA,NA
Dredge spoil,S 6,22,2,4.32,279,0.18,0.32,NA,NA,NA,NA,NA,NA,NA,NA,NA,NA,NA,NA,NA,NA,NA,NA,274.51,0.79,0.92,16.8,949.93,0.12,NA,4.43,0.01,0.45,0.17,0.6,0,1.39,0.69,0,1.09,0.12
Dredge spoil,S 6,25,2,4.13,338,0.06,NA,NA,NA,NA,NA,NA,NA,NA,NA,NA,NA,NA,NA,NA,NA,NA,NA,378.71,6.47,4.6,20.79,3689.84,0.6,0.06,2.5,0.34,2.76,1.14,1.83,0.01,5.57,1.9,0.01,3.49,0.41
Dredge spoil,S 6,28,2,4.18,342,0.1,7.89,4.58,NA,NA,NA,NA,0,0,4.699950221,0.629107902,3447.935241,15.71221272,2.215526864,14.2063727,1.16679943,146.9699882,0.430407074,446.72,8.97,6.5,24.77,4518.19,0.81,2.17,2.18,1.06,3.16,1.11,2.23,0.01,3.67,1.83,0.01,3.73,0.39
Dredge spoil,S 6,32,2,4.18,324,0.43,0.18,NA,NA,NA,NA,NA,NA,NA,NA,NA,NA,NA,NA,NA,NA,NA,NA,NA,NA,NA,NA,NA,NA,NA,NA,NA,NA,NA,NA,NA,NA,NA,NA,NA,NA
Dredge spoil,S 6,35,2,4.06,354,0.13,0.38,NA,NA,NA,NA,NA,NA,NA,NA,NA,NA,NA,NA,NA,NA,NA,NA,164.82,19.15,8.4,10.71,8426.09,0.87,NA,2.67,1.67,3.09,1.39,3.97,0.01,10.5,3.6,0,2.72,0.35
Dredge spoil,S 6,38,2,3.97,345,0.17,NA,NA,NA,NA,NA,NA,NA,NA,NA,NA,NA,NA,NA,NA,NA,NA,NA,NA,NA,NA,NA,NA,NA,NA,NA,NA,NA,NA,NA,NA,NA,NA,NA,NA,NA
Dredge spoil,S 6,41,2,4.13,333,0.2,0.13,6.49,NA,NA,NA,NA,0,0,4.863040475,0.870114771,2545.264823,21.12062631,2.461375625,9.884496007,1.534634888,208.1147877,0.411360968,635.38,11,7.39,36.49,3493.82,0.77,2.23,2.36,0.36,3.07,1.08,2.65,0.01,4.42,2.27,0.01,4.39,0.51
Dredge spoil,S 6,44,2,NA,NA,NA,0.06,NA,NA,NA,NA,NA,NA,NA,NA,NA,NA,NA,NA,NA,NA,NA,NA,427.68,5.61,4.02,24.73,1617.05,0.44,3.19,2.62,0.09,1.5,0.64,1.76,0.01,2.06,1.39,0.01,2.46,0.37
Dredge spoil,S 6,47,2,4.17,371,0.43,2.01,4.56,NA,NA,NA,NA,0,0,2.474917143,0.135815307,854.2514995,12.33143816,0.848087298,3.803806622,0.205045696,146.151551,0,402.59,4.09,3.07,21.03,1207.64,0.33,NA,1.19,NA,1.08,0.4,1.95,NA,1.36,1.09,0,3.56,0.57
Dredge spoil,S 6,50,2,4.09,327,0.5,0.52,NA,NA,NA,NA,NA,NA,NA,NA,NA,NA,NA,NA,NA,NA,NA,NA,408.58,5.49,3.53,22.97,1839.74,0.39,0.89,1.88,0.41,1.45,0.56,3.15,0.01,2.14,1.59,NA,2.69,0.35
Dredge spoil,S 6,54,2,4.16,306,6.5,0.5,NA,NA,NA,NA,NA,NA,NA,NA,NA,NA,NA,NA,NA,NA,NA,NA,NA,NA,NA,NA,NA,NA,NA,NA,NA,NA,NA,NA,NA,NA,NA,NA,NA,NA
Dredge spoil,S 6,59,2,3.97,379,1.09,0.49,NA,NA,NA,NA,NA,NA,NA,NA,NA,NA,NA,NA,NA,NA,NA,NA,NA,NA,NA,NA,NA,NA,NA,NA,NA,NA,NA,NA,NA,NA,NA,NA,NA,NA
Dredge spoil,S 6,64,2,3.83,NA,1,1.58,9.56,NA,NA,NA,NA,0,0,14.42592588,1.072227943,6412.66808,45.21300223,3.569842615,3.24705441,2.630913726,306.5604147,0.970462325,939.68,14.19,8.86,66.87,7437.05,0.84,1.49,1.51,0.35,3.23,1.6,11.43,0.02,10.01,2.92,0.01,8.35,0.82
Dredge spoil,S 6,69,2,3.91,365,1.36,0.18,NA,NA,NA,NA,NA,NA,NA,NA,NA,NA,NA,NA,NA,NA,NA,NA,1019.09,10.36,9.03,70.25,6955.26,0.85,1.35,4.19,0.21,3.05,2.47,9.27,0.02,11.55,3.1,0.01,8.94,0.9
Dredge spoil,S 6,74,2,3.54,330,2.9,0.2,33.45,NA,NA,NA,NA,0,0.361446648,8.406371005,1.283368181,15808.88157,63.37116931,1.821361289,-0.018355591,6.657076523,1072.646167,1.583473489,1179.2,19.02,11.27,79.47,23018.68,1.04,2.85,2.41,0.55,3.66,2.47,10.44,0.01,16.12,6.33,0.02,9.98,1.25
Dredge spoil,S 6,79,2,4.09,251,3.4,0.23,NA,NA,NA,NA,NA,,,,,,,,,,,,1242.04,24.85,11.19,83.66,19222.34,0.94,4.06,1.77,0.71,3.4,2.81,10.56,0.03,5.34,5.54,0.01,9.69,1.38
Dredge spoil,S 6,84,2,4.31,NA,3.8,0.1,48.1,117.11,127.64,10.54,4468.63,0,0.019225398,10.20841164,1.764940415,12094.17774,75.64379487,2.432680051,5.598490683,7.478902698,1542.445439,1.852463152,1593.85,37.88,13.47,106.86,14143.02,1.18,3.36,2.69,0.62,4.29,3.93,11.28,0.02,6.11,6.76,0.01,11.97,1.88
Dredge spoil,S 6,89,2,5.46,164,3.8,0.01,24.59,108.96,116.23,7.26,4900,0,0.43945457,11.03097564,1.682353733,5011.583595,70.16261827,2.486638176,7.606110697,5.793793495,788.6598969,1.712202835,1163.37,22.49,12.96,80.19,6046.22,1.19,2.67,2.63,0.47,4.84,4.27,10.61,0.02,4.16,5.06,0.02,10.56,1.97
Dredge spoil,S 6,94,2,5.45,NA,5.6,0.67,NA,50.49,58.02,7.53,4576.47,NA,NA,NA,NA,NA,NA,NA,NA,NA,NA,NA,1235.3,44.38,12.97,83.42,5386.26,1.53,6.46,4.06,0.33,4.58,4.5,11.13,0.03,3.84,3.5,0.02,11.49,2.61
Dredge spoil,S 6,99,2,4.18,244,5,0.73,NA,65.78,84.35,18.56,5978.43,NA,NA,NA,NA,NA,NA,NA,NA,NA,NA,NA,862.04,54.41,25.22,153.4,25544.24,15.03,11.81,4.18,8.17,7.37,3.55,33.08,0.14,6.69,13.99,0.03,13.62,8.35
Dredge spoil,S 6,104,2,4.85,222,4.5,0.02,NA,95.3,133.93,38.63,5580.77,NA,NA,NA,NA,NA,NA,NA,NA,NA,NA,NA,664.24,66.83,25.19,108.28,22560.06,6.79,8.98,4.33,5.12,9.4,5.65,9.98,0.05,7.21,17.36,0.04,18.51,7.28
Dredge spoil,S 6,107,2,4.89,213,6.1,0.94,637.05,75.81,85.19,9.37,5138.46,2.321855538,3.885944377,21.56252259,8.819093377,22366.38445,80.80994528,9.373405488,17.49178536,19.91678463,20430.05057,2.071582291,670.41,79.22,30.67,110.66,27062.08,5.62,12.75,4.6,4.98,11.71,6.31,8.59,0.05,7.91,16.98,0.04,19.07,5.32
Dredge spoil,S 6,112,2,4.95,NA,5.9,0.45,NA,66.34,71.78,5.44,4888.46,NA,NA,NA,NA,NA,NA,NA,NA,NA,NA,NA,537.9,112.48,38.99,117.36,40385.32,6.16,16.18,3.51,6.22,13.8,7.19,9.81,0.02,7.83,19.52,0.04,22.79,5.71
Dredge spoil,S 6,115,2,4.84,246,5.7,0.44,NA,40.11,49.21,9.1,6696.15,NA,NA,NA,NA,NA,NA,NA,NA,NA,NA,NA,644.72,126.52,38.86,118.24,42326.59,6.34,15.89,3.79,7.2,14.01,6.4,9.59,0.03,9.52,19.92,0.04,24.44,5.71
Dredge spoil,S 6,118,2,4.43,247,3.6,0.27,720.08,NA,NA,NA,NA,2.047120005,2.956730093,22.19882811,8.761048163,27498.06924,67.2988783,9.025371606,15.68160448,18.96271032,23092.88134,1.263121675,696.52,122.4,37.21,115.79,41205.94,5.71,13.34,2.96,6.59,12.14,5.56,9.62,0.02,8.96,19.6,0.04,22.89,5.23
Dredge spoil,S 6,122,2,4.98,253,4.6,0.21,NA,65.79,76.19,10.4,5965.38,NA,NA,NA,NA,NA,NA,NA,NA,NA,NA,NA,628.97,104.39,35.24,94.99,37032.68,5.72,14.14,6.58,5.49,12.52,6.06,7.5,0.03,9.05,18.29,0.04,24.77,5.66
Dredge spoil,S 7,6,2,4.57,274,0.2,0.14,NA,NA,NA,NA,NA,NA,NA,NA,NA,NA,NA,NA,NA,NA,NA,NA,NA,NA,NA,NA,NA,NA,NA,NA,NA,NA,NA,NA,NA,NA,NA,NA,NA,NA
Dredge spoil,S 7,7.5,3,NA,NA,NA,0.5,NA,NA,NA,NA,NA,NA,NA,NA,NA,NA,NA,NA,NA,NA,NA,NA,138.6,14.1,5.6,8.67,9293.84,0.57,1.14,1.09,1.37,1.48,1.13,1.34,NA,2.2,0.86,0,2.4,1.13
Dredge spoil,S 7,9,3,4.1,364,0.3,0.47,NA,NA,NA,NA,NA,NA,NA,NA,NA,NA,NA,NA,NA,NA,NA,NA,NA,NA,NA,NA,NA,NA,NA,NA,NA,NA,NA,NA,NA,NA,NA,NA,NA,NA
Dredge spoil,S 7,11,3,3.95,372,0.45,0.07,NA,NA,NA,NA,NA,NA,NA,NA,NA,NA,NA,NA,NA,NA,NA,NA,NA,NA,NA,NA,NA,NA,NA,NA,NA,NA,NA,NA,NA,NA,NA,NA,NA,NA
Dredge spoil,S 7,14,3,3.98,378,0.31,0.22,12.31,NA,NA,NA,NA,0.616391606,0,3.576653059,0.548435929,4235.499297,17.53439272,2.51194675,17.27927835,1.141052281,394.8584247,0,405.86,13.83,6.66,27.63,6704.34,0.74,1.88,1.57,2.21,2.14,1.16,1.56,0.01,4.96,1.83,0,4.49,0.54
Dredge spoil,S 7,17.5,3,4.06,363,0.45,0.2,NA,NA,NA,NA,NA,NA,NA,NA,NA,NA,NA,NA,NA,NA,NA,NA,NA,NA,NA,NA,NA,NA,NA,NA,NA,NA,NA,NA,NA,NA,NA,NA,NA,NA
Dredge spoil,S 7,20.5,3,NA,NA,NA,0.18,NA,NA,NA,NA,NA,NA,NA,NA,NA,NA,NA,NA,NA,NA,NA,NA,295.64,5.64,5.02,19.26,4214.01,0.68,0.6,1.22,0.58,1.86,0.96,1.44,0,3.47,1.68,0,2.82,0.31
Dredge spoil,S 7,23.5,3,4.09,346,0.37,0.24,NA,NA,NA,NA,NA,NA,NA,NA,NA,NA,NA,NA,NA,NA,NA,NA,NA,NA,NA,NA,NA,NA,NA,NA,NA,NA,NA,NA,NA,NA,NA,NA,NA,NA
Dredge spoil,S 7,26.5,3,4.1,312,0.4,0.25,NA,NA,NA,NA,NA,NA,NA,NA,NA,NA,NA,NA,NA,NA,NA,NA,NA,NA,NA,NA,NA,NA,NA,NA,NA,NA,NA,NA,NA,NA,NA,NA,NA,NA
Dredge spoil,S 7,30,3,3.96,385,0.62,0.2,5.65,NA,NA,NA,NA,0,0,2.673341214,0.734383444,4911.425108,12.28477033,1.794427676,7.520131457,0.286023144,181.1520267,0,387.11,14.33,6.61,24.17,7474.97,0.51,3.71,1.83,0.26,1.43,0.53,1.81,0,2.27,1.13,0,3.3,0.43
Dredge spoil,S 7,35,3,3.79,355,0.7,0.36,NA,NA,NA,NA,NA,NA,NA,NA,NA,NA,NA,NA,NA,NA,NA,NA,738.99,19.93,7.61,48.19,10551.23,0.64,1.82,2.82,0.21,1.85,0.69,4.35,0.01,2.12,1.8,0.01,5.32,0.55
Dredge spoil,S 7,40,3,3.61,354,1.2,0.39,11.46,NA,NA,NA,NA,0,0,6.841564792,1.707866626,14577.71951,39.65454097,1.645668129,4.197570152,3.785425125,367.509253,0.532725092,744.96,29.34,9.12,46.24,17944.94,0.64,2.47,1.45,0.07,2.07,1,6.52,0.01,3.91,2.08,0,5.89,0.65
Dredge spoil,S 7,45,3,3.52,354,1.68,0.02,NA,NA,NA,NA,NA,NA,NA,NA,NA,NA,NA,NA,NA,NA,NA,NA,NA,NA,NA,NA,NA,NA,NA,NA,NA,NA,NA,NA,NA,NA,NA,NA,NA,NA
Dredge spoil,S 7,50,3,3.74,295,2.4,0.52,19.77,NA,NA,NA,NA,0,0,8.777019521,2.208743301,11566.93582,57.52720334,2.068589938,3.746298354,3.889597751,634.149777,0.953734238,1190.05,31.04,13.47,79.44,15459.11,0.89,4.07,2.1,0.4,3.18,3.3,14.82,0.04,11.73,3.93,0.01,8.52,1.24
Dredge spoil,S 7,53,3,3.69,272,2.4,0.12,NA,NA,NA,NA,NA,NA,NA,NA,NA,NA,NA,NA,NA,NA,NA,NA,1136.7,35.8,12.91,75.85,13345.39,0.89,3.17,2.18,0.05,3.28,4.45,12.09,0.01,10.41,4.13,0.01,8.09,1.29
Dredge spoil,S 7,56,3,3.85,271,3.3,0.27,21.55,NA,NA,NA,NA,0,0.109386895,9.838545393,1.712511905,7513.587292,66.56043069,3.206400604,6.488237817,9.301191311,691.0324418,1.836263888,1307.21,37.66,15.35,99.94,10337.14,1.19,3.24,2.63,NA,4.33,2.73,9.24,0.02,15.8,9.24,0.01,10.23,1.66
Dredge spoil,S 7,59,3,4.09,253,3.3,0.44,NA,271.16,281.35,10.18,4946.15,NA,NA,NA,NA,NA,NA,NA,NA,NA,NA,NA,1552.37,22.36,17.93,115.18,5938,1.38,4.66,3.18,0.07,5.11,4.98,10.78,0.02,8.01,5.2,0.02,12.57,2.46
Dredge spoil,S 7,62,3,4.06,253,5.3,0.66,NA,271.16,281.35,10.18,4946.15,NA,NA,NA,NA,NA,NA,NA,NA,NA,NA,NA,1573.18,33.99,20.66,105.78,8248.03,1.71,7.55,2.76,0.29,5.84,3.42,11.98,0.03,7.2,5.67,0.01,13.6,2.5
Dredge spoil,S 7,63,3,4.22,247,3.8,0.37,51.24,294.48,296.74,2.25,6811.54,0,0.248801537,12.34642701,2.790911432,6761.098269,69.66337388,3.712201346,9.729935758,9.707476886,1643.229002,1.745083149,1527.93,33.47,18.22,102.11,8966.14,1.56,10.71,4.65,0.47,6.11,6.65,14.04,0.02,9.1,8.4,0.02,12.45,2.38
Dredge spoil,S 7,68,3,4.33,241,3.2,0.71,NA,382.49,382.72,0.23,5674.51,NA,NA,NA,NA,NA,NA,NA,NA,NA,NA,NA,1185.13,48.42,18.2,87.46,12546.8,1.3,5.81,2.42,0.73,5.04,5.41,13.61,0.03,9.14,10.64,0.02,9.74,2.85
Dredge spoil,S 7,71,3,4.31,NA,6.9,0.51,NA,353.59,365.37,11.78,6157.69,NA,NA,NA,NA,NA,NA,NA,NA,NA,NA,NA,1198.12,77.02,17.82,81.54,12262.18,1.22,3.94,2.19,2.33,4.85,6.32,17.07,0.04,8.93,13.53,0.01,9.31,3.87
Dredge spoil,S 7,74,3,4.19,222,6,NA,NA,361.47,383.43,21.95,6484.62,NA,NA,NA,NA,NA,NA,NA,NA,NA,NA,NA,476.51,93.57,36.68,54.63,27707.97,8.74,12,4.67,0.94,14.6,4.33,3.38,0.02,16.56,13.32,0.04,16.69,2.58
Dredge spoil,S 7,77,3,3.82,258,4,0.65,109.34,384.48,387.74,3.26,7080.77,0,1.271943814,8.254817812,3.64440993,3539.502091,29.69192765,2.838344985,9.23531362,5.320263112,3506.673559,0.516113058,593.78,20.89,13.39,42.46,4941.58,2.98,4.81,1.27,0.73,3.28,2.73,18.41,0.05,2.63,4.57,0.01,5.63,3.78
Dredge spoil,S 7,80,3,4.18,320,4.08,0.02,NA,360.67,370.23,9.56,7984.62,NA,NA,NA,NA,NA,NA,NA,NA,NA,NA,NA,NA,NA,NA,NA,NA,NA,NA,NA,NA,NA,NA,NA,NA,NA,NA,NA,NA,NA
Dredge spoil,S 7,83,3,4.12,NA,4,0.09,1124.98,351.84,401.68,49.84,4292.16,0.565909216,7.790394728,27.96357739,13.81495197,37247.87066,83.90822627,14.61934419,19.31532051,22.56528789,36078.14449,2.418186402,837.8,160.24,55.02,155.34,57242.76,13.21,20.7,6.68,2.04,21.84,8.1,7.4,0.06,14.45,22.39,0.05,24.85,4.91
Dredge spoil,S 7,86,3,NA,NA,NA,0.1,NA,139.93,200,60.07,6234.62,NA,NA,NA,NA,NA,NA,NA,NA,NA,NA,NA,798.66,119.35,46.43,117.97,30466.45,10.13,16.02,5.84,0.62,20.43,9.13,3.72,0.02,14.33,23.48,0.04,24.14,4.25
Dredge spoil,S 7,89,3,NA,NA,NA,0.37,NA,139.93,200,60.07,6234.62,NA,NA,NA,NA,NA,NA,NA,NA,NA,NA,NA,657.03,108.51,45.45,93.87,43574.73,11.7,18.02,5.51,1.72,20.17,5.73,5.67,0.02,13.49,17.74,0.04,21.86,3.23
Dredge spoil,S 7,92,3,3.99,301,5.93,0.17,717.57,139.93,200,60.07,6234.62,2.215442465,7.60919252,27.2810521,13.2243216,29437.3057,40.24975651,12.21956641,14.55485785,17.24249153,23012.56498,2.234270864,598.41,117.19,42.67,64.96,39891.61,10.8,16.08,5.07,1.9,18.83,6.61,4.24,0,25.54,15.32,0.03,20.67,3.01
Dredge spoil,S 7,95,3,NA,NA,NA,0.4,NA,NA,NA,NA,NA,NA,NA,NA,NA,NA,NA,NA,NA,NA,NA,NA,577.36,111.94,39.92,58.98,34941.95,9.03,15.1,5.06,1.14,18.14,6.96,4.42,0,25.62,14.12,0.04,19.77,2.81
Dredge spoil,S 7,98,3,4.83,243,3.8,0.02,NA,NA,NA,NA,NA,NA,NA,NA,NA,NA,NA,NA,NA,NA,NA,NA,NA,NA,NA,NA,NA,NA,NA,NA,NA,NA,NA,NA,NA,NA,NA,NA,NA,NA
Dredge spoil,S 7,100,3,NA,NA,NA,0.45,NA,NA,NA,NA,NA,NA,NA,NA,NA,NA,NA,NA,NA,NA,NA,NA,NA,NA,NA,NA,NA,NA,NA,NA,NA,NA,NA,NA,NA,NA,NA,NA,NA,NA
Dredge spoil,S 7,102,3,NA,NA,NA,NA,NA,NA,NA,NA,NA,NA,NA,NA,NA,NA,NA,NA,NA,NA,NA,NA,NA,NA,NA,NA,NA,NA,NA,NA,NA,NA,NA,NA,NA,NA,NA,NA,NA,NA
Dredge spoil,S 7,106,3,5.28,NA,4.4,0.12,175.6,126.9,128.22,1.32,5792.31,0,2.991085523,16.22120125,6.990331317,13807.96008,25.78134468,7.588078376,19.34144803,11.64234287,5631.494125,0.993188838,456.75,65.37,24.29,41.69,20124.75,6,8.02,9.54,0.92,11.76,6.51,2.12,0.03,19.55,12.04,0.04,14.98,2.21
Dredge spoil,S 8,9,4,4.3,284,0.6,NA,NA,NA,NA,NA,NA,NA,NA,NA,NA,NA,NA,NA,NA,NA,NA,NA,NA,NA,NA,NA,NA,NA,NA,NA,NA,NA,NA,NA,NA,NA,NA,NA,NA,NA
Dredge spoil,S 8,11,4,3.91,365,0.42,NA,NA,NA,NA,NA,NA,NA,NA,NA,NA,NA,NA,NA,NA,NA,NA,NA,NA,NA,NA,NA,NA,NA,NA,NA,NA,NA,NA,NA,NA,NA,NA,NA,NA,NA
Dredge spoil,S 8,13,4,3.86,414,0.26,0.58,9.81,NA,NA,NA,NA,0,0,6.62443976,1.018041175,22242.01645,8.424998839,5.150111558,21.34648803,1.507670484,314.5575965,0,NA,NA,NA,NA,NA,NA,NA,NA,NA,NA,NA,NA,NA,NA,NA,NA,NA,NA
Dredge spoil,S 8,19,4,NA,NA,NA,0.56,NA,NA,NA,NA,NA,NA,NA,NA,NA,NA,NA,NA,NA,NA,NA,NA,NA,NA,NA,NA,NA,NA,NA,NA,NA,NA,NA,NA,NA,NA,NA,NA,NA,NA
Dredge spoil,S 8,22,4,3.85,421,0.46,0.36,NA,NA,NA,NA,NA,NA,NA,NA,NA,NA,NA,NA,NA,NA,NA,NA,NA,NA,NA,NA,NA,NA,NA,NA,NA,NA,NA,NA,NA,NA,NA,NA,NA,NA
Dredge spoil,S 8,24,4,4.05,425,0.66,0.4,NA,NA,NA,NA,NA,NA,NA,NA,NA,NA,NA,NA,NA,NA,NA,NA,NA,NA,NA,NA,NA,NA,NA,NA,NA,NA,NA,NA,NA,NA,NA,NA,NA,NA
Dredge spoil,S 8,26,4,NA,NA,NA,0.15,NA,NA,NA,NA,NA,NA,NA,NA,NA,NA,NA,NA,NA,NA,NA,NA,NA,NA,NA,NA,NA,NA,NA,NA,NA,NA,NA,NA,NA,NA,NA,NA,NA,NA
Dredge spoil,S 8,28,4,3.89,442,0.81,0.68,NA,NA,NA,NA,NA,NA,NA,NA,NA,NA,NA,NA,NA,NA,NA,NA,276.73,11.4,5.99,16.77,10540.16,0.61,0.81,1.02,1.26,2.21,0.85,1.97,0.01,6.46,2.8,0,2.76,0.28
Dredge spoil,S 8,33,4,4.27,335,0.6,3.4,4.85,NA,NA,NA,NA,0,0,6.689951135,0.026015961,2925.416866,3.176791426,1.692623842,4.735925219,-0.809191272,155.383959,0,NA,NA,NA,NA,NA,NA,NA,NA,NA,NA,NA,NA,NA,NA,NA,NA,NA,NA
Dredge spoil,S 8,36,4,NA,NA,NA,0.48,NA,NA,NA,NA,NA,NA,NA,NA,NA,NA,NA,NA,NA,NA,NA,NA,255.22,5.82,2.68,13.37,3031.15,0.21,0.59,0.55,0.07,0.71,0.65,1.42,0,1.48,0.5,0,1.22,0.14
Dredge spoil,S 8,39,4,NA,NA,NA,1.14,NA,NA,NA,NA,NA,NA,NA,NA,NA,NA,NA,NA,NA,NA,NA,NA,NA,NA,NA,NA,NA,NA,NA,NA,NA,NA,NA,NA,NA,NA,NA,NA,NA,NA
Dredge spoil,S 8,43,4,3.93,431,1.27,1.08,25.27,NA,NA,NA,NA,0,0,1.829972618,0.118290218,4378.524698,15.75871791,1.143431089,3.116552946,3.398377432,810.3888496,0,328.84,8.05,3.29,16.66,5754.48,0.24,0.65,2.45,0.24,0.93,0.94,2.64,0,11.16,3.28,NA,1.9,0.21
Dredge spoil,S 8,46,4,4.04,393,0.26,0.03,NA,NA,NA,NA,NA,NA,NA,NA,NA,NA,NA,NA,NA,NA,NA,NA,NA,NA,NA,NA,NA,NA,NA,NA,NA,NA,NA,NA,NA,NA,NA,NA,NA,NA
Dredge spoil,S 8,53,4,3.86,414,2.34,0.07,NA,NA,NA,NA,NA,NA,NA,NA,NA,NA,NA,NA,NA,NA,NA,NA,NA,NA,NA,NA,NA,NA,NA,NA,NA,NA,NA,NA,NA,NA,NA,NA,NA,NA
Dredge spoil,S 8,58,4,NA,NA,NA,0.36,NA,NA,NA,NA,NA,NA,NA,NA,NA,NA,NA,NA,NA,NA,NA,NA,NA,NA,NA,NA,NA,NA,NA,NA,NA,NA,NA,NA,NA,NA,NA,NA,NA,NA
Dredge spoil,S 8,61,4,NA,NA,NA,0.02,NA,NA,NA,NA,NA,NA,NA,NA,NA,NA,NA,NA,NA,NA,NA,NA,NA,NA,NA,NA,NA,NA,NA,NA,NA,NA,NA,NA,NA,NA,NA,NA,NA,NA
Dredge spoil,S 8,64,4,3.81,490,7.27,0.1,NA,NA,NA,NA,NA,NA,NA,NA,NA,NA,NA,NA,NA,NA,NA,NA,NA,NA,NA,NA,NA,NA,NA,NA,NA,NA,NA,NA,NA,NA,NA,NA,NA,NA
Dredge spoil,S 8,69,4,3.86,322,4.18,0.58,14.2,NA,NA,NA,NA,0,0,7.171815114,1.598671403,3633.973595,50.2603029,2.251486701,7.771542642,5.1887827,455.3623634,1.034769217,1312.93,23.42,12.59,82.18,5548.01,0.95,3.79,3.49,NA,3.27,3.28,9.5,0,7.25,5.48,0.01,8.83,1.77
Dredge spoil,S 8,74,4,NA,NA,NA,NA,NA,NA,NA,NA,NA,NA,NA,NA,NA,NA,NA,NA,NA,NA,NA,NA,NA,NA,NA,NA,NA,NA,NA,NA,NA,NA,NA,NA,NA,NA,NA,NA,NA,NA
Dredge spoil,S 8,79,4,4.02,271,4.1,0.21,72.63,NA,NA,NA,NA,0,0,9.532649807,3.092511233,12116.87257,56.4895639,2.71736118,14.29295427,12.47120619,2329.38537,1.262667108,1271.83,44.49,14.84,86.9,14977,1.08,7.14,2.61,0.21,3.7,4.2,10.6,0.02,9.31,10.71,0.01,9.74,2.46
Dredge spoil,S 8,84,4,NA,NA,NA,0.33,NA,358.47,393.74,35.27,4946.15,NA,NA,NA,NA,NA,NA,NA,NA,NA,NA,NA,NA,NA,NA,NA,NA,NA,NA,NA,NA,NA,NA,NA,NA,NA,NA,NA,NA,NA
Dredge spoil,S 8,87,4,4.07,348,NA,0.74,NA,339.34,347.88,8.54,5234.62,NA,NA,NA,NA,NA,NA,NA,NA,NA,NA,NA,1310.09,80.41,17.15,84.47,27477.3,1.08,4.24,2.54,0.5,3.81,6.08,10.37,0.01,12.77,12.93,0.01,8.5,3.43
Dredge spoil,S 8,91,4,NA,NA,NA,1.39,144.94,327.05,357.96,30.91,6023.08,1.376812161,2.122522204,11.37978933,3.455455831,20740.02088,40.7916366,3.74545421,30.07185148,12.83373479,4648.179175,1.052995396,990.73,137.45,20.65,71.63,31098.31,3.81,6.07,2.39,3.26,5.7,9.86,13.32,0.04,12.29,11.53,0.02,9.39,6.57
Dredge spoil,S 8,94,4,NA,NA,NA,0.05,NA,314.01,342.59,28.59,5773.08,NA,NA,NA,NA,NA,NA,NA,NA,NA,NA,NA,1211.88,28.75,17.57,83.83,6998.96,11.6,6.95,2.59,0.5,5.22,5.27,15.95,0.06,4.02,8.05,0.02,9.35,9
Dredge spoil,S 8,97,4,NA,NA,NA,NA,NA,378.51,430.65,52.14,4782.35,NA,NA,NA,NA,NA,NA,NA,NA,NA,NA,NA,NA,NA,NA,NA,NA,NA,NA,NA,NA,NA,NA,NA,NA,NA,NA,NA,NA,NA
Dredge spoil,S 8,100,4,4.18,247,5,NA,NA,NA,NA,NA,5080.77,NA,NA,NA,NA,NA,NA,NA,NA,NA,NA,NA,NA,NA,NA,NA,NA,NA,NA,NA,NA,NA,NA,NA,NA,NA,NA,NA,NA,NA
Dredge spoil,S 8,104,4,NA,NA,NA,0.02,NA,267.85,304.23,36.38,6273.08,NA,NA,NA,NA,NA,NA,NA,NA,NA,NA,NA,NA,NA,NA,NA,NA,NA,NA,NA,NA,NA,NA,NA,NA,NA,NA,NA,NA,NA
Dredge spoil,S 8,107,4,NA,NA,NA,0.61,1025.09,197.72,247.8,50.07,5926.92,1.560252046,5.7060848,26.08741471,12.58708555,32859.03493,83.57127842,12.09723267,20.79854112,16.67758759,32874.73951,1.625278009,437.05,121.42,43.83,137.2,50000.27,9.1,18.13,6.41,3.67,16.38,6.31,10.6,0.03,9.16,17.7,0.04,20.09,4.8
Dredge spoil,S 8,110,4,4.33,283,4.72,NA,NA,NA,NA,NA,5926.92,NA,NA,NA,NA,NA,NA,NA,NA,NA,NA,NA,NA,NA,NA,NA,NA,NA,NA,NA,NA,NA,NA,NA,NA,NA,NA,NA,NA,NA
Dredge spoil,S 8,113,4,NA,NA,NA,0.02,716.97,197.72,247.8,50.07,6027.45,1.089749621,4.624141463,25.36711477,10.93132711,26583.02772,55.14256445,10.62433891,19.49884205,13.73007168,22993.12119,2.178240432,501.53,106.93,45.51,97.21,41442.69,8.01,18.25,9.4,2.12,15.49,5.9,7.29,0.02,11.94,13.14,0.04,19.27,2.54
Dredge spoil,S 8,116,4,NA,NA,NA,0.25,525.73,NA,NA,NA,NA,0,3.492972416,22.75540062,9.332331656,22191.02253,44.0159906,8.525873539,20.96092252,11.28574022,16860.01171,1.125584163,338.95,99.13,35.11,64.88,31036.33,5.6,13.58,4.36,1.58,10.99,6.19,4.73,0.01,17.06,8.39,0.03,16.01,1.83
Dredge spoil,S 8,119,4,3.94,299,4.54,NA,NA,NA,NA,NA,NA,NA,NA,NA,NA,NA,NA,NA,NA,NA,NA,NA,NA,NA,NA,NA,NA,NA,NA,NA,NA,NA,NA,NA,NA,NA,NA,NA,NA,NA
Dredge spoil,S 8,122,4,4.64,219,3,0.13,NA,NA,NA,NA,NA,NA,NA,NA,NA,NA,NA,NA,NA,NA,NA,NA,392.79,99.52,34.26,75.94,29902.51,5.11,13.55,4.03,2.75,9.88,6.12,3.83,0.01,15.46,7.94,0.03,15.29,2.2
Dredge spoil,S 8,125,4,NA,NA,NA,0.04,385.16,NA,NA,NA,6027.45,1.212054696,2.892212429,22.50232728,8.171752814,22204.6603,62.33813904,8.065029038,29.57758075,10.21446075,12352.22585,1.357139337,528.44,96.63,36.37,91.65,30841.38,4.98,13.78,3.64,3.04,9.81,3.71,4.44,0.01,15.01,9.32,0.03,14.61,2.18
Dredge spoil,S 9,6,8,3.86,NA,1.7,0.08,NA,NA,NA,NA,NA,NA,NA,NA,NA,NA,NA,NA,NA,NA,NA,NA,605.64,40.37,13.44,48.23,37613.96,1.85,3.29,4,2.71,4.34,3.33,4.41,0.01,4.51,5.41,0.01,5.65,1.8
Dredge spoil,S 9,10,8,3.87,NA,0.7,0.07,NA,NA,NA,NA,NA,NA,NA,NA,NA,NA,NA,NA,NA,NA,NA,NA,614.76,44.19,12.73,46.2,38335.33,1.92,2.78,1.62,2.65,4.84,2.58,4.43,0.01,3.97,6.72,0.01,6.92,1.97
Dredge spoil,S 9,14,8,NA,NA,NA,0.07,NA,NA,NA,NA,NA,NA,NA,NA,NA,NA,NA,NA,NA,NA,NA,NA,559.35,35.85,9.46,40.49,24552.67,1.26,2.79,1.73,2.37,3.29,1.79,3.38,0.01,2.92,4.58,0.01,6.2,1.22
Dredge spoil,S 9,20,8,3.84,NA,0.8,0.06,NA,NA,NA,NA,NA,NA,NA,NA,NA,NA,NA,NA,NA,NA,NA,NA,271.21,14.27,4.55,19.19,13329.75,0.55,1.43,NA,0.91,1.32,0.89,1.49,0,1.1,1.74,NA,2.79,0.52
Dredge spoil,S 9,25,8,4.02,280,0.13,0.08,NA,NA,NA,NA,NA,NA,NA,NA,NA,NA,NA,NA,NA,NA,NA,NA,233.46,12.26,3.69,16.5,15211.85,0.52,0.2,NA,1.16,1.2,0.77,1.31,NA,1.17,1.95,0,2.6,0.67
Dredge spoil,S 9,28,8,4.05,289,0.74,0.11,NA,NA,NA,NA,NA,NA,NA,NA,NA,NA,NA,NA,NA,NA,NA,NA,278.86,5.82,2.75,17.16,7611.79,0.29,0.27,NA,0.67,0.68,0.37,0.81,NA,1.1,1.34,NA,2.45,0.42
Dredge spoil,S 9,36,8,4.18,399,0.14,0.05,NA,NA,NA,NA,NA,NA,NA,NA,NA,NA,NA,NA,NA,NA,NA,NA,341.87,8.99,3.46,21.04,11861.15,0.28,0.14,NA,0.27,0.58,0.18,0.83,0,1.04,1.45,NA,2.32,0.4
Dredge spoil,S 9,44,8,4.53,390,0.11,0.11,NA,NA,NA,NA,NA,NA,NA,NA,NA,NA,NA,NA,NA,NA,NA,NA,230.25,6.38,2.21,13.24,3416.1,0.17,0.4,NA,0.38,0.54,0.18,0.62,0.01,1.4,0.7,NA,1.66,0.21
Dredge spoil,S 9,49,8,4.79,NA,0.1,NA,NA,NA,NA,NA,NA,NA,NA,NA,NA,NA,NA,NA,NA,NA,NA,NA,NA,NA,NA,NA,NA,NA,NA,NA,NA,NA,NA,NA,NA,NA,NA,NA,NA,NA
Dredge spoil,S 9,54,8,NA,NA,NA,0.17,NA,NA,NA,NA,NA,NA,NA,NA,NA,NA,NA,NA,NA,NA,NA,NA,271.38,7.22,4.41,15.95,3301.84,0.36,0.84,NA,0.4,1.09,0.34,0.84,0.01,1.88,0.87,0,3.01,0.22
Dredge spoil,S 9,59,8,4.02,408,0.57,0.08,NA,NA,NA,NA,NA,NA,NA,NA,NA,NA,NA,NA,NA,NA,NA,NA,221.53,6.84,6.33,16.47,4901.83,0.55,1.58,0.11,0.26,2.09,0.59,1.41,0,2.27,0.86,0,5.77,0.27
Dredge spoil,S 9,64,8,NA,NA,NA,0.09,NA,NA,NA,NA,NA,NA,NA,NA,NA,NA,NA,NA,NA,NA,NA,NA,444.72,6.93,7.12,29.06,4968,0.61,1.66,0.49,0.27,2.07,1.19,4.57,0.01,12.03,1.73,0,4.5,0.49
Dredge spoil,S 9,71,8,4.2,227,3.4,0.08,NA,NA,NA,NA,NA,NA,NA,NA,NA,NA,NA,NA,NA,NA,NA,NA,1057.15,34.7,15.96,88.22,10940.01,2.98,5.27,1.8,0.76,5.38,3.61,13.47,0.02,10.31,6.17,0.01,10.34,4
Dredge spoil,S 10,6,13,4.5,396,0.22,0.59,NA,NA,NA,NA,NA,NA,NA,NA,NA,NA,NA,NA,NA,NA,NA,NA,363.08,79.12,24.85,42.53,71540.3,3.88,5.22,2.36,5.11,9.95,4.32,8.25,0.02,11.23,10.49,0.03,9.3,4.19
Dredge spoil,S 10,14,13,NA,NA,NA,0.54,NA,NA,NA,NA,NA,NA,NA,NA,NA,NA,NA,NA,NA,NA,NA,NA,407.22,50.63,15.52,31.01,30257.68,1.91,5.61,1.45,3.56,5.93,1.88,4.07,0.01,4.85,7.65,0.02,8.46,2.66
Dredge spoil,S 10,15,13,NA,NA,NA,NA,NA,NA,NA,NA,NA,NA,NA,NA,NA,NA,NA,NA,NA,NA,NA,NA,NA,NA,NA,NA,NA,NA,NA,NA,NA,NA,NA,NA,NA,NA,NA,NA,NA,NA
Dredge spoil,S 10,21,13,4.53,395,0.04,0.31,NA,NA,NA,NA,NA,NA,NA,NA,NA,NA,NA,NA,NA,NA,NA,NA,332.7,15,5.56,20.62,7039.29,0.44,0.71,-0.19,0.99,1.38,0.42,1.12,NA,1.71,2.61,0,3.37,0.72
Dredge spoil,S 10,25,13,NA,NA,NA,NA,NA,NA,NA,NA,NA,NA,NA,NA,NA,NA,NA,NA,NA,NA,NA,NA,NA,NA,NA,NA,NA,NA,NA,NA,NA,NA,NA,NA,NA,NA,NA,NA,NA,NA
Dredge spoil,S 10,29,13,NA,NA,NA,0.38,NA,NA,NA,NA,NA,NA,NA,NA,NA,NA,NA,NA,NA,NA,NA,NA,511.79,5.31,3.38,32.69,4811.77,0.27,2.15,0.26,NA,0.79,0.24,0.73,NA,1.75,1.69,0,3.57,0.33
Dredge spoil,S 10,33,13,4.4,410,0.08,0.52,NA,NA,NA,NA,NA,NA,NA,NA,NA,NA,NA,NA,NA,NA,NA,NA,495.19,6.66,4.27,30.77,4721.06,0.28,0.36,NA,0.25,0.76,0.29,0.8,NA,1.75,1.51,0,3.15,0.32
Dredge spoil,S 11,5,16,4.54,394,0.06,0.46,NA,NA,NA,NA,NA,NA,NA,NA,NA,NA,NA,NA,NA,NA,NA,NA,571.26,69.57,29.42,49.01,25236.78,3.84,7.53,3.14,2.44,11.9,7.04,9.97,0.02,13.3,12.82,0.02,11.81,1.87
Dredge spoil,S 11,15,16,NA,NA,NA,0.2,NA,NA,NA,NA,NA,NA,NA,NA,NA,NA,NA,NA,NA,NA,NA,NA,663.02,90.43,40.47,59.71,29621.88,4.72,8.2,3.61,2.72,9.46,3.8,3.06,0,16.82,7.9,0.04,17.75,2.19
Dredge spoil,S 11,28,16,NA,NA,NA,0.38,NA,NA,NA,NA,NA,NA,NA,NA,NA,NA,NA,NA,NA,NA,NA,NA,430.02,113.27,38.16,59.3,104175.16,9.83,12.73,4.62,6.9,17.33,6.04,10.98,0.03,19.17,14.76,0.04,15.62,8.71
Dredge spoil,S 11,33,16,4.12,408,0.18,0.29,NA,NA,NA,NA,NA,NA,NA,NA,NA,NA,NA,NA,NA,NA,NA,NA,NA,NA,NA,NA,NA,NA,NA,NA,NA,NA,NA,NA,NA,NA,NA,NA,NA,NA
Dredge spoil,S 11,39,16,4.02,405,0.2,NA,NA,NA,NA,NA,NA,NA,NA,NA,NA,NA,NA,NA,NA,NA,NA,NA,503.94,3.17,3.96,33.19,2574.92,0.32,0.54,0.34,NA,0.74,0.29,0.57,0,1.43,1.28,0,3.38,0.2
Dredge spoil,S 11,45,16,4.12,408,0.21,NA,NA,NA,NA,NA,NA,NA,NA,NA,NA,NA,NA,NA,NA,NA,NA,NA,277.54,3.88,2.73,17.03,3029.5,0.3,0.3,NA,0.25,0.71,0.18,0.71,0.01,1.54,0.94,NA,2.17,0.18
Dredge spoil,S 11,51,16,NA,NA,NA,0.17,NA,NA,NA,NA,NA,NA,NA,NA,NA,NA,NA,NA,NA,NA,NA,NA,402.33,8.46,5.08,26.58,5158.24,0.57,0.44,0.32,0.51,1.42,0.34,1.68,0,1.97,1.41,NA,2.31,0.2
Dredge spoil,S 11,57,16,3.99,412,0.26,NA,NA,NA,NA,NA,NA,NA,NA,NA,NA,NA,NA,NA,NA,NA,NA,NA,334.85,5.72,5.1,19.02,3206.98,0.65,1.29,NA,0.06,1.69,0.38,1.66,0.01,2.23,1.28,NA,2.66,0.21
Dredge spoil,S 12,2,50,4.05,434,0.31,NA,NA,NA,NA,NA,NA,NA,NA,NA,NA,NA,NA,NA,NA,NA,NA,NA,NA,NA,NA,NA,NA,NA,NA,NA,NA,NA,NA,NA,NA,NA,NA,NA,NA,NA
Dredge spoil,S 12,4,50,3.73,419,0.32,0.39,1.834248891,NA,NA,NA,NA,0,0,2.100809925,0.104570385,2057.183199,23.81210375,0.640136275,6.891223168,0.5504591,58.82436192,0.200271424,460.07,3.59,3.65,25.24,2799.09,0.35,1.38,NA,0,0.8,0.19,0.93,NA,1.43,1.41,0,2.66,0.22
Dredge spoil,S 12,8.5,50,3.71,432,0.31,0.18,56.04748781,NA,NA,NA,NA,0.671698294,1.652169723,14.68196606,4.620596575,13477.81353,35.85321993,7.487753133,29.30228998,10.18317139,1797.442934,1.515673147,761.99,58.26,23.6,53.73,19418.5,3.5,7.06,1.67,1.78,9.74,4.85,6.73,0.01,12.81,8.94,0.03,10.66,1.82
Dredge spoil,S 12,10.5,50,3.8,424,0.16,0.33,NA,NA,NA,NA,NA,NA,NA,NA,NA,NA,NA,NA,NA,NA,NA,NA,NA,NA,NA,NA,NA,NA,NA,NA,NA,NA,NA,NA,NA,NA,NA,NA,NA,NA
Dredge spoil,S 12,11.5,50,NA,NA,NA,0.24,NA,NA,NA,NA,NA,NA,NA,NA,NA,NA,NA,NA,NA,NA,NA,NA,895.41,40.85,17.5,62.13,17626.56,2.26,6.12,1.09,0.78,6.96,11.62,8.97,0.02,11.45,7.48,0.02,10.14,1.4
Dredge spoil,S 12,13.5,50,3.71,422,0.23,0.35,75.68162536,NA,NA,NA,NA,1.686225575,1.174091884,10.72750155,3.274252634,12144.01114,40.86919106,3.110991382,25.87828627,9.402738822,2427.109725,1.120305309,876.52,43.39,17.14,63.97,17231.78,2.04,5.4,2.22,1.36,6.76,7.49,10.5,0.02,13.17,7.65,0.02,7.16,1.19
Dredge spoil,S 12,20,50,3.67,447,0.25,0.29,128.7425711,NA,NA,NA,NA,0,0.450093473,7.449113296,1.604454807,14240.89874,31.93020705,2.517445423,22.7749582,7.130038325,4128.774256,1.527344269,699.51,41.07,12.97,49.28,20668.35,1.47,2.17,0.99,0.68,7.51,10.61,8.24,0.01,9.1,6.8,0.02,5.16,0.79
Dredge spoil,S 12,23,50,3.63,422,0.25,NA,NA,NA,NA,NA,NA,NA,NA,NA,NA,NA,NA,NA,NA,NA,NA,NA,NA,NA,NA,NA,NA,NA,NA,NA,NA,NA,NA,NA,NA,NA,NA,NA,NA,NA
Dredge spoil,S 12,24,50,NA,NA,NA,0.11,NA,NA,NA,NA,NA,NA,NA,NA,NA,NA,NA,NA,NA,NA,NA,NA,899.93,51.07,28.92,65.42,21735.15,2.64,6.86,2.55,3.58,10.94,9.5,22.72,0.04,12.52,10.39,0.04,10.09,2.87
Dredge spoil,S 12,26,50,3.68,430,0.21,0.29,NA,NA,NA,NA,NA,NA,NA,NA,NA,NA,NA,NA,NA,NA,NA,NA,NA,NA,NA,NA,NA,NA,NA,NA,NA,NA,NA,NA,NA,NA,NA,NA,NA,NA
Dredge spoil,S 12,28,50,3.8,387,0.15,0.27,9.146846379,NA,NA,NA,NA,0.644591639,0,5.822805133,1.427824014,16685.42488,11.12008793,1.928709502,46.73890856,4.003174958,293.3393634,0,225.75,34.59,10.62,16.49,24034.42,0.81,4.36,0.83,3.86,1.74,0.52,3.25,0.01,2.29,2.84,0,6.93,1.81
Dredge spoil,S 12,29,50,NA,NA,NA,0.13,NA,NA,NA,NA,NA,NA,NA,NA,NA,NA,NA,NA,NA,NA,NA,NA,NA,NA,NA,NA,NA,NA,NA,NA,NA,NA,NA,NA,NA,NA,NA,NA,NA,NA
Dredge spoil,S 12,31,50,4.04,411,0.1,0.5,3.676010882,NA,NA,NA,NA,0,0,5.212749287,0.727816317,5727.123622,16.86679355,2.550193418,19.77435638,1.52426514,117.889669,0.176960381,329.2,20.01,6.59,19.82,7472.38,0.62,4.19,3.77,1.92,1.34,0.35,2.25,0.01,1.88,2.01,0,4.06,1.16
Dredge spoil,S 12,33,50,4.22,368,0.09,0.37,NA,NA,NA,NA,NA,NA,NA,NA,NA,NA,NA,NA,NA,NA,NA,NA,213.17,12.67,4.72,12.51,3674.97,0.42,-0.47,4.99,0.73,0.86,0.09,1.37,0.01,1.09,0.96,NA,1.84,0.62
Dredge spoil,S 12,35,50,NA,NA,NA,0.46,NA,NA,NA,NA,NA,NA,NA,NA,NA,NA,NA,NA,NA,NA,NA,NA,NA,NA,NA,NA,NA,NA,NA,NA,NA,NA,NA,NA,NA,NA,NA,NA,NA,NA
Dredge spoil,S 12,39,50,4.55,339,0.06,0.41,1.084248809,NA,NA,NA,NA,0,0,2.139199985,0,1914.184183,11.37185323,2.108561302,6.498078516,1.116971449,34.77185931,0,148.13,21.91,8.62,9.32,5772.23,0.61,2.03,1.19,1.23,1.4,0.47,1.74,0.01,6.96,2.58,0,4.39,1
